/*
SQLyog Community v12.18 (64 bit)
MySQL - 5.7.10-log : Database - laravel5_abac
*********************************************************************
*/

/*!40101 SET NAMES utf8 */;

/*!40101 SET SQL_MODE=''*/;

/*!40014 SET @OLD_UNIQUE_CHECKS=@@UNIQUE_CHECKS, UNIQUE_CHECKS=0 */;
/*!40014 SET @OLD_FOREIGN_KEY_CHECKS=@@FOREIGN_KEY_CHECKS, FOREIGN_KEY_CHECKS=0 */;
/*!40101 SET @OLD_SQL_MODE=@@SQL_MODE, SQL_MODE='NO_AUTO_VALUE_ON_ZERO' */;
/*!40111 SET @OLD_SQL_NOTES=@@SQL_NOTES, SQL_NOTES=0 */;
CREATE DATABASE /*!32312 IF NOT EXISTS*/`laravel5_abac` /*!40100 DEFAULT CHARACTER SET utf8 */;

USE `laravel5_abac`;

/*Table structure for table `advertisements` */

DROP TABLE IF EXISTS `advertisements`;

CREATE TABLE `advertisements` (
  `id` int(10) unsigned NOT NULL AUTO_INCREMENT,
  `link` longtext COLLATE utf8mb4_unicode_ci,
  `type` varchar(191) COLLATE utf8mb4_unicode_ci DEFAULT NULL,
  `path` text COLLATE utf8mb4_unicode_ci,
  `directory` text COLLATE utf8mb4_unicode_ci,
  `filename` text COLLATE utf8mb4_unicode_ci,
  `created_at` timestamp NULL DEFAULT NULL,
  `updated_at` timestamp NULL DEFAULT NULL,
  `deleted_at` timestamp NULL DEFAULT NULL,
  PRIMARY KEY (`id`)
) ENGINE=InnoDB AUTO_INCREMENT=4 DEFAULT CHARSET=utf8mb4 COLLATE=utf8mb4_unicode_ci;

/*Data for the table `advertisements` */

insert  into `advertisements`(`id`,`link`,`type`,`path`,`directory`,`filename`,`created_at`,`updated_at`,`deleted_at`) values 
(1,'#','head','storage/advertisement','http://abac.highlysucceed.com/storage/advertisement/20171020','eqnhCSf8VdmpgDAswBov102020170121.jpg','2017-10-20 13:04:22','2017-10-20 13:04:22',NULL),
(2,'#','head','storage/advertisement','http://abac.highlysucceed.com/storage/advertisement/20171020','adIpeMbUDjk0FIZxDJ7Q102020170135.jpg','2017-10-20 13:04:35','2017-10-20 13:04:35',NULL),
(3,'#','head','storage/advertisement','http://abac.highlysucceed.com/storage/advertisement/20171020','UG17oXRTEQ3g46hniTj4102020170145.jpg','2017-10-20 13:04:45','2017-10-20 13:04:45',NULL);

/*Table structure for table `albums` */

DROP TABLE IF EXISTS `albums`;

CREATE TABLE `albums` (
  `id` int(10) unsigned NOT NULL AUTO_INCREMENT,
  `title` varchar(191) COLLATE utf8mb4_unicode_ci DEFAULT NULL,
  `description` longtext COLLATE utf8mb4_unicode_ci,
  `path` text COLLATE utf8mb4_unicode_ci,
  `directory` text COLLATE utf8mb4_unicode_ci,
  `filename` text COLLATE utf8mb4_unicode_ci,
  `created_at` timestamp NULL DEFAULT NULL,
  `updated_at` timestamp NULL DEFAULT NULL,
  `deleted_at` timestamp NULL DEFAULT NULL,
  PRIMARY KEY (`id`)
) ENGINE=InnoDB AUTO_INCREMENT=5 DEFAULT CHARSET=utf8mb4 COLLATE=utf8mb4_unicode_ci;

/*Data for the table `albums` */

insert  into `albums`(`id`,`title`,`description`,`path`,`directory`,`filename`,`created_at`,`updated_at`,`deleted_at`) values 
(1,'ASEAN BAC ASEAN EU Business Summit','ASEAN EU Business Summit Gallery','storage/album','http://abac.highlysucceed.com/storage/album/20171012','joa50Q9bZ5Zby7w2R0pY101220170300.jpg','2017-10-12 15:19:00','2017-10-12 15:19:00',NULL),
(2,'ASEAN (BIS) Business Investment Summit | 2013_ASEAN_BIS','ASEAN Business Investment Summit','storage/album','http://abac.highlysucceed.com/storage/album/20171012','qw1QOK7nKiNYsK9kle75101220170306.jpg','2017-10-12 15:22:06','2017-10-12 15:22:06',NULL),
(3,'ASEAN Business Investment Summit | 2012_ASEAN_BIS','ASEAN Business Investment Summit','storage/album','http://abac.highlysucceed.com/storage/album/20171012','Gkh0sWL09GE0t9brT2eQ101220170304.jpg','2017-10-12 15:24:04','2017-10-12 15:24:04',NULL),
(4,'ASEAN Business Investment Summit | 2011_ASEAN_BIS','Business Investment Summit 2011','storage/album','http://abac.highlysucceed.com/storage/album/20171012','h4kKCdc8ZM4y1qv1xBna101220170304.jpg','2017-10-12 15:26:05','2017-10-12 15:26:05',NULL);

/*Table structure for table `contact_inquiries` */

DROP TABLE IF EXISTS `contact_inquiries`;

CREATE TABLE `contact_inquiries` (
  `id` int(10) unsigned NOT NULL AUTO_INCREMENT,
  `name` varchar(191) COLLATE utf8mb4_unicode_ci DEFAULT NULL,
  `email` varchar(191) COLLATE utf8mb4_unicode_ci DEFAULT NULL,
  `contact` varchar(191) COLLATE utf8mb4_unicode_ci DEFAULT NULL,
  `subject` varchar(191) COLLATE utf8mb4_unicode_ci DEFAULT NULL,
  `message` longtext COLLATE utf8mb4_unicode_ci,
  `created_at` timestamp NULL DEFAULT NULL,
  `updated_at` timestamp NULL DEFAULT NULL,
  `deleted_at` timestamp NULL DEFAULT NULL,
  PRIMARY KEY (`id`)
) ENGINE=InnoDB AUTO_INCREMENT=2 DEFAULT CHARSET=utf8mb4 COLLATE=utf8mb4_unicode_ci;

/*Data for the table `contact_inquiries` */

insert  into `contact_inquiries`(`id`,`name`,`email`,`contact`,`subject`,`message`,`created_at`,`updated_at`,`deleted_at`) values 
(1,'Joshua Arosco','aroscojoshua@gmail.com','0922222222','This is the subject','This is my message','2017-10-20 13:06:16','2017-10-20 13:06:16',NULL);

/*Table structure for table `events` */

DROP TABLE IF EXISTS `events`;

CREATE TABLE `events` (
  `id` int(10) unsigned NOT NULL AUTO_INCREMENT,
  `title` varchar(191) COLLATE utf8mb4_unicode_ci DEFAULT NULL,
  `sub_title` varchar(191) COLLATE utf8mb4_unicode_ci DEFAULT NULL,
  `excerpt` longtext COLLATE utf8mb4_unicode_ci,
  `details` longtext COLLATE utf8mb4_unicode_ci,
  `address` varchar(191) COLLATE utf8mb4_unicode_ci DEFAULT NULL,
  `start` datetime DEFAULT NULL,
  `end` datetime DEFAULT NULL,
  `path` text COLLATE utf8mb4_unicode_ci,
  `directory` text COLLATE utf8mb4_unicode_ci,
  `filename` text COLLATE utf8mb4_unicode_ci,
  `created_at` timestamp NULL DEFAULT NULL,
  `updated_at` timestamp NULL DEFAULT NULL,
  `deleted_at` timestamp NULL DEFAULT NULL,
  PRIMARY KEY (`id`)
) ENGINE=InnoDB AUTO_INCREMENT=2 DEFAULT CHARSET=utf8mb4 COLLATE=utf8mb4_unicode_ci;

/*Data for the table `events` */

insert  into `events`(`id`,`title`,`sub_title`,`excerpt`,`details`,`address`,`start`,`end`,`path`,`directory`,`filename`,`created_at`,`updated_at`,`deleted_at`) values 
(1,'31st ASEAN Summit and Related Meetings','ASEAN Summit 2017 at Philippines','The Philippines is honored to be the Chairman of ASEAN 2017, and we look forward to the year ahead as we continue to pursue and enhance cooperation with you, our neighbors.','<p class=\"cye-lm-tag\" style=\"text-align: justify; font-stretch: normal; font-size: 17px; line-height: 23px; margin-top: 1.2em; margin-bottom: 1.2em; padding: 0px; border: 0px; vertical-align: baseline;\"><font face=\"Roboto\" style=\"\" color=\"#424242\"><span style=\"font-size: 14px;\">We welcome all of you, our brothers and sisters all over the region to our home.</span></font></p><p class=\"cye-lm-tag\" style=\"text-align: justify; font-stretch: normal; font-size: 17px; line-height: 23px; margin-top: 1.2em; margin-bottom: 1.2em; padding: 0px; border: 0px; vertical-align: baseline;\"><font face=\"Roboto\" color=\"#424242\"><span style=\"font-size: 14px;\">The Philippines is honored to be the Chairman of ASEAN 2017, and we look forward to the year ahead as we continue to pursue and enhance cooperation with you, our neighbors.</span></font></p><p class=\"cye-lm-tag\" style=\"text-align: justify; font-stretch: normal; font-size: 17px; line-height: 23px; margin-top: 1.2em; margin-bottom: 1.2em; padding: 0px; border: 0px; vertical-align: baseline;\"><font face=\"Roboto\" color=\"#424242\"><span style=\"font-size: 14px;\">The theme “Partnering for Change Engaging the World” reflects the Philippine government’s advocacy to promote unity with and among ASEAN member states and its global partners. We invite everyone to become dynamic and vibrant allies as we envision a future that is prosperous for all citizens.</span></font></p><p class=\"cye-lm-tag\" style=\"text-align: justify; font-stretch: normal; font-size: 17px; line-height: 23px; margin-top: 1.2em; margin-bottom: 1.2em; padding: 0px; border: 0px; vertical-align: baseline;\"><font face=\"Roboto\" style=\"\" color=\"#424242\"><span style=\"font-size: 14px;\">We are one community, with one shared identity, one vision. An even stronger ASEAN begins today.</span></font></p>','Clark Pampanga, Clark Freeport, Central Luzon, Philippines','2017-11-14 18:30:00','2017-11-17 18:30:00','storage/event','http://abac.highlysucceed.com/storage/event/20171012','FCpwKcrQ0JJXLN41K4dA101220170653.jpg','2017-10-12 18:46:53','2017-10-12 18:46:53',NULL);

/*Table structure for table `featured_video` */

DROP TABLE IF EXISTS `featured_video`;

CREATE TABLE `featured_video` (
  `id` int(10) unsigned NOT NULL AUTO_INCREMENT,
  `title` varchar(191) COLLATE utf8mb4_unicode_ci DEFAULT NULL,
  `description` longtext COLLATE utf8mb4_unicode_ci,
  `embedded_link` longtext COLLATE utf8mb4_unicode_ci,
  `path` text COLLATE utf8mb4_unicode_ci,
  `directory` text COLLATE utf8mb4_unicode_ci,
  `filename` text COLLATE utf8mb4_unicode_ci,
  `created_at` timestamp NULL DEFAULT NULL,
  `updated_at` timestamp NULL DEFAULT NULL,
  `deleted_at` timestamp NULL DEFAULT NULL,
  PRIMARY KEY (`id`)
) ENGINE=InnoDB AUTO_INCREMENT=3 DEFAULT CHARSET=utf8mb4 COLLATE=utf8mb4_unicode_ci;

/*Data for the table `featured_video` */

insert  into `featured_video`(`id`,`title`,`description`,`embedded_link`,`path`,`directory`,`filename`,`created_at`,`updated_at`,`deleted_at`) values 
(1,'ASEAN Leaders\' Meeting with ASEAN Business Advisory Council (ABAC) 11/18/2012',NULL,'https://www.youtube.com/watch?v=WlUskWBKo24','storage/video','http://abac.highlysucceed.com/storage/video/20171012','XMJ7eZyQOzyAd9igyIxz101220170305.jpg','2017-10-12 15:06:05','2017-10-12 15:06:05',NULL),
(2,'Video Presentation of the Philippines as the Incoming Chairman of the ASEAN Summit 2017',NULL,'https://www.youtube.com/watch?v=RoO-4CzoLHc','storage/video','http://abac.highlysucceed.com/storage/video/20171012','wKSFC5q8AuLWSnKLqKmN101220170341.jpg','2017-10-12 15:09:41','2017-10-12 15:09:41',NULL);

/*Table structure for table `flags` */

DROP TABLE IF EXISTS `flags`;

CREATE TABLE `flags` (
  `id` int(10) unsigned NOT NULL AUTO_INCREMENT,
  `title` varchar(191) COLLATE utf8mb4_unicode_ci DEFAULT NULL,
  `path` text COLLATE utf8mb4_unicode_ci,
  `directory` text COLLATE utf8mb4_unicode_ci,
  `filename` text COLLATE utf8mb4_unicode_ci,
  `created_at` timestamp NULL DEFAULT NULL,
  `updated_at` timestamp NULL DEFAULT NULL,
  `deleted_at` timestamp NULL DEFAULT NULL,
  PRIMARY KEY (`id`)
) ENGINE=InnoDB AUTO_INCREMENT=12 DEFAULT CHARSET=utf8mb4 COLLATE=utf8mb4_unicode_ci;

/*Data for the table `flags` */

insert  into `flags`(`id`,`title`,`path`,`directory`,`filename`,`created_at`,`updated_at`,`deleted_at`) values 
(1,'Philippines','storage/flags','http://abac.highlysucceed.com/storage/flags/20171016','hWYon4l1G9ifpNApPpx2101620170747.png','2017-10-16 07:59:48','2017-10-16 07:59:48',NULL),
(2,'Brunei','storage/flags','http://abac.highlysucceed.com/storage/flags/20171016','23DYlUVkzYuSrMIaylwd101620170802.jpg','2017-10-16 08:00:03','2017-10-16 08:00:03',NULL),
(3,'Cambodia','storage/flags','http://abac.highlysucceed.com/storage/flags/20171016','o2qoAiLuLZYZu2cp7vvT101620170820.png','2017-10-16 08:00:20','2017-10-16 08:00:20',NULL),
(5,'Indonesia','storage/flags','http://abac.highlysucceed.com/storage/flags/20171016','L0Rwru6PrCONkBNj5pKx101620170827.jpg','2017-10-16 08:01:27','2017-10-16 08:01:27',NULL),
(6,'Vietnam','storage/flags','http://abac.highlysucceed.com/storage/flags/20171016','qdpmsEsCyLUntzgYiCjj101620170801.jpg','2017-10-16 08:03:01','2017-10-16 08:03:01',NULL),
(7,'Malaysia','storage/flags','http://abac.highlysucceed.com/storage/flags/20171016','cbN9RpowWcwPi5x918OM101620170837.jpg','2017-10-16 08:03:37','2017-10-16 08:03:37',NULL),
(8,'Singapore','storage/flags','http://abac.highlysucceed.com/storage/flags/20171016','WxUAJDP4hjaG97wQwGXR101620170820.jpg','2017-10-16 08:04:20','2017-10-16 08:04:20',NULL),
(9,'Myanmar','storage/flags','http://abac.highlysucceed.com/storage/flags/20171016','ciEXvbU1s7zQkOi6dVkE101620170832.jpg','2017-10-16 08:04:32','2017-10-16 08:04:32',NULL),
(10,'Laos','storage/flags','http://abac.highlysucceed.com/storage/flags/20171016','K9UwBdTXtHSkJgC7y0y8101620170859.png','2017-10-16 08:04:59','2017-10-16 08:04:59',NULL),
(11,'Thailand','storage/flags','http://abac.highlysucceed.com/storage/flags/20171016','nu3gfnkuta5ZdQQMqocB101620170832.jpg','2017-10-16 08:05:32','2017-10-16 08:05:32',NULL);

/*Table structure for table `gallery` */

DROP TABLE IF EXISTS `gallery`;

CREATE TABLE `gallery` (
  `id` int(10) unsigned NOT NULL AUTO_INCREMENT,
  `album_id` varchar(191) COLLATE utf8mb4_unicode_ci DEFAULT NULL,
  `title` varchar(191) COLLATE utf8mb4_unicode_ci DEFAULT NULL,
  `description` longtext COLLATE utf8mb4_unicode_ci,
  `path` text COLLATE utf8mb4_unicode_ci,
  `directory` text COLLATE utf8mb4_unicode_ci,
  `filename` text COLLATE utf8mb4_unicode_ci,
  `created_at` timestamp NULL DEFAULT NULL,
  `updated_at` timestamp NULL DEFAULT NULL,
  `deleted_at` timestamp NULL DEFAULT NULL,
  PRIMARY KEY (`id`)
) ENGINE=InnoDB AUTO_INCREMENT=22 DEFAULT CHARSET=utf8mb4 COLLATE=utf8mb4_unicode_ci;

/*Data for the table `gallery` */

insert  into `gallery`(`id`,`album_id`,`title`,`description`,`path`,`directory`,`filename`,`created_at`,`updated_at`,`deleted_at`) values 
(2,'1',NULL,NULL,'storage/Gallery','http://abac.highlysucceed.com/storage/Gallery/20171012','wEwmftegB6kHYjM8kQ1X101220170329.jpg','2017-10-12 15:31:29','2017-10-12 15:31:29',NULL),
(3,'1',NULL,NULL,'storage/Gallery','http://abac.highlysucceed.com/storage/Gallery/20171012','WD9lKwwF97raLaXGT0Gc101220170308.jpg','2017-10-12 15:32:08','2017-10-12 15:32:08',NULL),
(4,'1',NULL,NULL,'storage/Gallery','http://abac.highlysucceed.com/storage/Gallery/20171012','p9r5wlnCxx7ejfwhlVqs101220170307.jpg','2017-10-12 15:43:07','2017-10-12 15:43:07',NULL),
(5,'1',NULL,NULL,'storage/Gallery','http://abac.highlysucceed.com/storage/Gallery/20171012','fv5cFUzxa4n6Vz7s7xgh101220170324.jpg','2017-10-12 15:43:24','2017-10-12 15:43:24',NULL),
(6,'1',NULL,NULL,'storage/Gallery','http://abac.highlysucceed.com/storage/Gallery/20171012','kWITBFBl61JGDHYBPrBa101220170348.jpg','2017-10-12 15:43:48','2017-10-12 15:43:48',NULL),
(7,'1',NULL,NULL,'storage/Gallery','http://abac.highlysucceed.com/storage/Gallery/20171012','8Ok1OORc38WCYzSWn4ED101220170304.jpg','2017-10-12 15:44:04','2017-10-12 15:44:04',NULL),
(8,'1',NULL,NULL,'storage/Gallery','http://abac.highlysucceed.com/storage/Gallery/20171012','yIBzqGkYcBm4f6Q7j6mF101220170327.jpg','2017-10-12 15:44:27','2017-10-12 15:44:27',NULL),
(9,'1',NULL,NULL,'storage/Gallery','http://abac.highlysucceed.com/storage/Gallery/20171012','aSFPFppS5yR4Ct3StzrL101220170339.jpg','2017-10-12 15:44:39','2017-10-12 15:44:39',NULL),
(10,'1',NULL,NULL,'storage/Gallery','http://abac.highlysucceed.com/storage/Gallery/20171012','YaHyFEZboMWf2DZT4yBb101220170304.jpg','2017-10-12 15:45:07','2017-10-12 15:45:07',NULL),
(11,'1',NULL,NULL,'storage/Gallery','http://abac.highlysucceed.com/storage/Gallery/20171012','WlECToLeQ0bDsPzonibK101220170316.jpg','2017-10-12 15:45:16','2017-10-12 15:45:16',NULL),
(12,'1',NULL,NULL,'storage/Gallery','http://abac.highlysucceed.com/storage/Gallery/20171012','KjgQVAZoPy0ZpLe7xFXp101220170327.jpg','2017-10-12 15:46:27','2017-10-12 15:46:27',NULL),
(13,'2',NULL,NULL,'storage/Gallery','http://abac.highlysucceed.com/storage/Gallery/20171012','fHws779VIHmsBNM7c5mQ101220170642.jpg','2017-10-12 18:21:42','2017-10-12 18:21:42',NULL),
(14,'2',NULL,NULL,'storage/Gallery','http://abac.highlysucceed.com/storage/Gallery/20171012','ChZ214uy2xvmzI7rokw7101220170659.jpg','2017-10-12 18:21:59','2017-10-12 18:21:59',NULL),
(15,'2',NULL,NULL,'storage/Gallery','http://abac.highlysucceed.com/storage/Gallery/20171012','qmdUlaXFN4fNecSopRdw101220170610.jpg','2017-10-12 18:22:10','2017-10-12 18:22:10',NULL),
(16,'2',NULL,NULL,'storage/Gallery','http://abac.highlysucceed.com/storage/Gallery/20171012','Cbx2QUUESDcHrD0JxtwE101220170621.jpg','2017-10-12 18:22:21','2017-10-12 18:22:21',NULL),
(17,'2',NULL,NULL,'storage/Gallery','http://abac.highlysucceed.com/storage/Gallery/20171012','XbruP5AZaBjiTDnLG15o101220170643.jpg','2017-10-12 18:22:43','2017-10-12 18:22:43',NULL),
(18,'2',NULL,NULL,'storage/Gallery','http://abac.highlysucceed.com/storage/Gallery/20171012','EqbKAlXRGKjKANwUZh9p101220170652.jpg','2017-10-12 18:22:52','2017-10-12 18:22:52',NULL),
(19,'2',NULL,NULL,'storage/Gallery','http://abac.highlysucceed.com/storage/Gallery/20171012','qM85YpkGQ13tWGn2KuD7101220170604.jpg','2017-10-12 18:23:04','2017-10-12 18:23:04',NULL),
(20,'2',NULL,NULL,'storage/Gallery','http://abac.highlysucceed.com/storage/Gallery/20171012','YnzNmNnuYhKcJxvtZ00U101220170614.jpg','2017-10-12 18:23:14','2017-10-12 18:23:14',NULL),
(21,'2',NULL,NULL,'storage/Gallery','http://abac.highlysucceed.com/storage/Gallery/20171012','mF42aL2EHFyW0kNUx2cr101220170625.jpg','2017-10-12 18:23:25','2017-10-12 18:23:25',NULL);

/*Table structure for table `header_images` */

DROP TABLE IF EXISTS `header_images`;

CREATE TABLE `header_images` (
  `id` int(10) unsigned NOT NULL AUTO_INCREMENT,
  `title` varchar(191) COLLATE utf8mb4_unicode_ci DEFAULT NULL,
  `description` longtext COLLATE utf8mb4_unicode_ci,
  `path` text COLLATE utf8mb4_unicode_ci,
  `directory` text COLLATE utf8mb4_unicode_ci,
  `filename` text COLLATE utf8mb4_unicode_ci,
  `created_at` timestamp NULL DEFAULT NULL,
  `updated_at` timestamp NULL DEFAULT NULL,
  `deleted_at` timestamp NULL DEFAULT NULL,
  PRIMARY KEY (`id`)
) ENGINE=InnoDB AUTO_INCREMENT=4 DEFAULT CHARSET=utf8mb4 COLLATE=utf8mb4_unicode_ci;

/*Data for the table `header_images` */

insert  into `header_images`(`id`,`title`,`description`,`path`,`directory`,`filename`,`created_at`,`updated_at`,`deleted_at`) values 
(1,NULL,NULL,'storage/header_image','http://abac.highlysucceed.com/storage/header_image/20171012','fv8Q9pT31SC2TfRCTU44101220170112.jpg','2017-10-12 13:51:54','2017-10-12 13:53:12',NULL),
(2,NULL,NULL,'storage/header_image','http://abac.highlysucceed.com/storage/header_image/20171012','W3CWiHk0PgSNUeeKVeqa101220170133.jpg','2017-10-12 13:54:33','2017-10-12 13:54:33',NULL),
(3,NULL,NULL,'storage/header_image','http://abac.highlysucceed.com/storage/header_image/20171012','oWJiUx5MRiFWwRwX95HI101220170315.jpg','2017-10-12 15:02:15','2017-10-12 15:02:15',NULL);

/*Table structure for table `members` */

DROP TABLE IF EXISTS `members`;

CREATE TABLE `members` (
  `id` int(10) unsigned NOT NULL AUTO_INCREMENT,
  `title` varchar(191) COLLATE utf8mb4_unicode_ci DEFAULT NULL,
  `member_type` varchar(191) COLLATE utf8mb4_unicode_ci DEFAULT NULL,
  `details` longtext COLLATE utf8mb4_unicode_ci,
  `created_at` timestamp NULL DEFAULT NULL,
  `updated_at` timestamp NULL DEFAULT NULL,
  `deleted_at` timestamp NULL DEFAULT NULL,
  PRIMARY KEY (`id`)
) ENGINE=InnoDB AUTO_INCREMENT=29 DEFAULT CHARSET=utf8mb4 COLLATE=utf8mb4_unicode_ci;

/*Data for the table `members` */

insert  into `members`(`id`,`title`,`member_type`,`details`,`created_at`,`updated_at`,`deleted_at`) values 
(2,'Brunei Darussalam','member','<p style=\"font-size: 12px;\"><strong style=\"line-height: 1.3em;\"><a data-lightbox=\"type:iframe;width:500;height:400;\" href=\"http://asean-bac.org/members/19-members-profile/58-lisa-dato-paduka-hj-ibrahim.html?ItemId=264&amp;tmpl=component\" style=\"display: inline-block; max-width: 100%;\"><span style=\"font-size: 14px;\"><font face=\"Roboto\" style=\"\" color=\"#424242\">Lisa Dato Paduka Hj Ibrahim</font></span></a></strong></p><ul style=\"margin: 15px 0px; padding-left: 30px; font-size: 12px;\"><li><span style=\"line-height: 1.3em; font-size: 14px;\"><font face=\"Roboto\" color=\"#424242\">ASEAN BAC Chair of ASEAN-BIS Organising Committee (2013)</font></span></li><li><span style=\"line-height: 1.3em; font-size: 14px;\"><font face=\"Roboto\" color=\"#424242\">ASEAN BAC Member (Jan 2013 – Present)</font></span></li></ul><p style=\"margin-top: 15px; font-size: 12px;\"><font face=\"Roboto\" color=\"#424242\"><span style=\"font-size: 14px;\">Executive Director &amp; CEO of Arkitek Ibrahim</span><br><span style=\"font-size: 14px;\">Owner of LILS Management Services</span><br><br></font></p><p style=\"margin-top: 15px; font-size: 12px;\"><strong style=\"line-height: 1.3em;\"><a data-lightbox=\"type:iframe;width:500;height:400;\" href=\"http://asean-bac.org/members/19-members-profile/560-siti-rozaimeriyanty-dslj-hj-abd-rahman.html?ItemId=264&amp;tmpl=component\" style=\"display: inline-block; max-width: 100%;\"><span style=\"font-size: 14px;\"><font face=\"Roboto\" color=\"#424242\">SITI ROZAIMERIYANTY DSLJ HJ ABD RAHMAN</font></span></a></strong></p><ul style=\"margin: 15px 0px 0px; padding-left: 30px; font-size: 12px;\"><li style=\"\"><span style=\"line-height: 1.3em; font-size: 14px;\"><font face=\"Roboto\" style=\"\" color=\"#424242\">ASEAN-BAC Member (April 2015 - Present)</font></span></li></ul>','2017-10-12 16:04:59','2017-10-12 16:04:59',NULL),
(3,'Cambodia','member','<p style=\"font-size: 12px;\"><strong style=\"\"><a data-lightbox=\"type:iframe;width:500;height:400;\" href=\"http://asean-bac.org/members/19-members-profile/59-neak-okhna-kith-men.html?ItemId=264&amp;tmpl=component\" style=\"display: inline-block; max-width: 100%;\"><font color=\"#424242\" style=\"\" face=\"Roboto\"><span style=\"font-size: 14px;\">Neak&nbsp;Oknha Kith Meng</span><br></font></a></strong></p><ul style=\"margin: 15px 0px; padding-left: 30px; font-size: 12px;\"><li><span style=\"line-height: 1.3em; font-size: 14px;\"><font color=\"#424242\" face=\"Roboto\">ASEAN BAC Chair 2012</font></span></li><li><span style=\"line-height: 1.3em; font-size: 14px;\"><font color=\"#424242\" face=\"Roboto\">ASEAN BAC Co-Chair 2013</font></span></li><li><span style=\"line-height: 1.3em; font-size: 14px;\"><font color=\"#424242\" face=\"Roboto\">ASEAN BAC Member - [2005 - Present]</font></span></li></ul><p style=\"margin-top: 15px; font-size: 12px;\"><font face=\"Roboto\" color=\"#424242\"><span style=\"line-height: 1.3em;\"><span style=\"font-size: 14px;\">President, Cambodia Chamber of Commerce</span><br></span><span style=\"line-height: 1.3em;\"><span style=\"font-size: 14px;\">Chairman &amp; CEO of Royal Group Companies</span><br><br></span><strong style=\"line-height: 1.3em;\"><a data-lightbox=\"type:iframe;width:500;height:400;\" href=\"http://asean-bac.org/members/19-members-profile/557-oknha-sork-piseth.html?ItemId=557&amp;tmpl=component\" style=\"display: inline-block; max-width: 100%;\"><span style=\"font-size: 14px;\">Oknha Sok Piseth</span><br></a></strong></font></p><ul style=\"margin: 15px 0px; padding-left: 30px; font-size: 12px;\"><li><span style=\"line-height: 1.3em; font-size: 14px;\"><font color=\"#424242\" face=\"Roboto\">ASEAN BAC Member - [2015 – Present]</font></span></li></ul><p style=\"margin-top: 15px; font-size: 12px;\"><font color=\"#424242\" face=\"Roboto\"><span style=\"font-size: 14px;\">CEO &amp; Co-Founder of G Gear Company Limited</span><br><span style=\"font-size: 14px;\">President of Young Entrepreneurs Association of Cambodia (YEAC)</span></font></p><p style=\"margin-top: 15px; font-size: 12px;\"><strong style=\"line-height: 1.3em;\"><a data-lightbox=\"type:iframe;width:500;height:400;\" href=\"http://asean-bac.org/members/19-members-profile/60-van-sou-ieng.html?ItemId=264&amp;tmpl=component\" style=\"display: inline-block; max-width: 100%;\"><span style=\"font-size: 14px;\"><font color=\"#424242\" face=\"Roboto\">Oknha&nbsp;Van Sou Ieng</font></span></a></strong></p><ul style=\"margin: 15px 0px; padding-left: 30px; font-size: 12px;\"><li><span style=\"line-height: 1.3em; font-size: 14px;\"><font color=\"#424242\" face=\"Roboto\">ASEAN BAC Member - [2003 – 2004, 2010 – Present]</font></span></li></ul><p style=\"margin-top: 15px; font-size: 12px;\"><span style=\"line-height: 1.3em; font-size: 14px;\"><font color=\"#424242\" face=\"Roboto\">Chairman of the Garment Manufacturers Association in Cambodia (GMAC)</font></span></p><p style=\"margin-top: 15px; margin-bottom: 0px; font-size: 12px;\"><span style=\"font-size: 14px;\"><font color=\"#424242\" style=\"\" face=\"Roboto\">President of the Cambodia Federation of Employer and Business Association (CAMFEBA)</font></span></p>','2017-10-12 16:06:07','2017-10-12 16:06:07',NULL),
(4,'Indonesia','member','<p style=\"color: rgb(119, 119, 119); font-size: 12px;\"><strong style=\"\"><a data-lightbox=\"type:iframe;width:500;height:400;\" href=\"http://asean-bac.org/members/19-members-profile/63-soebronto-laras.html?ItemId=264&amp;tmpl=component\" style=\"color: rgb(95, 159, 203); display: inline-block; max-width: 100%;\"><font face=\"Roboto\"><span style=\"font-size: 14px;\">Soebronto Laras</span></font></a></strong></p><ul style=\"margin: 15px 0px; padding-left: 30px; font-size: 12px;\"><li style=\"\"><span style=\"line-height: 1.3em; font-size: 14px;\"><font face=\"Roboto\" style=\"\" color=\"#424242\">ASEAN BAC Member - [2005 - Present]</font></span></li></ul><p style=\"margin-top: 15px; font-size: 12px;\"><font face=\"Roboto\" color=\"#424242\"><span style=\"font-size: 14px;\">President Director &amp; Chairman of Indomobil Group</span></font></p><p style=\"margin-top: 15px; font-size: 12px;\"><strong style=\"line-height: 1.3em;\"><a data-lightbox=\"type:iframe;width:500;height:400;\" href=\"http://asean-bac.org/members/19-members-profile/62-anangga-w-roosdiono.html?ItemId=264&amp;tmpl=component\" style=\"display: inline-block; max-width: 100%;\"><font face=\"Roboto\" color=\"#424242\"><span style=\"font-size: 14px;\">Anangga W. Roosdiono</span></font></a></strong></p><ul style=\"margin: 15px 0px; padding-left: 30px; font-size: 12px;\"><li><span style=\"line-height: 1.3em; font-size: 14px;\"><font face=\"Roboto\" color=\"#424242\">ASEAN BAC Chair 2011</font></span></li><li><span style=\"line-height: 1.3em; font-size: 14px;\"><font face=\"Roboto\" color=\"#424242\">ASEAN BAC Co-Chair 2012</font></span></li><li><span style=\"line-height: 1.3em; font-size: 14px;\"><font face=\"Roboto\" color=\"#424242\">ASEAN BAC Member - [2005 - Present]</font></span></li></ul><p style=\"margin-top: 15px; font-size: 12px;\"><font face=\"Roboto\" color=\"#424242\"><span style=\"font-size: 14px;\">Managing Partner Roosdiono &amp; Partners</span></font></p><p style=\"margin-top: 15px; font-size: 12px;\"><strong><a data-lightbox=\"type:iframe;width:500;height:400;\" href=\"http://asean-bac.org/members/19-members-profile/64-prijono-sugiarto.html?ItemId=264&amp;tmpl=component\" style=\"display: inline-block; max-width: 100%;\"><font face=\"Roboto\" color=\"#424242\"><span style=\"font-size: 14px;\">Prijono Sugiarto</span></font></a></strong></p><ul style=\"margin: 15px 0px; padding-left: 30px; font-size: 12px;\"><li><span style=\"line-height: 1.3em; font-size: 14px;\"><font face=\"Roboto\" color=\"#424242\">ASEAN BAC Member - [2011 - Present]</font></span></li></ul><p style=\"margin-top: 15px; font-size: 12px;\"><font face=\"Roboto\" style=\"\" color=\"#424242\"><span style=\"font-size: 14px;\">President Director PT Astra International Tbk</span></font></p>','2017-10-12 16:06:52','2017-10-12 16:06:52',NULL),
(5,'Lao PDR','member','<p style=\"font-size: 12px;\"><strong style=\"\"><strong style=\"\"><a data-lightbox=\"type:iframe;width:500;height:400;\" href=\"http://asean-bac.org/members/19-members-profile/65-oudet-souvannavong.html?ItemId=264&amp;tmpl=component\" style=\"display: inline-block; max-width: 100%;\"><font face=\"Roboto\" style=\"\" color=\"#424242\"><span style=\"font-size: 14px;\">Oudet Souvannavong</span></font></a></strong></strong></p><ul style=\"margin: 15px 0px; padding-left: 30px; font-size: 12px;\"><li><span style=\"line-height: 1.3em; font-size: 14px;\"><font face=\"Roboto\" color=\"#424242\">Co-Chair 2003 – 2005</font></span></li><li><span style=\"line-height: 1.3em; font-size: 14px;\"><font face=\"Roboto\" color=\"#424242\">ASEAN BAC Member - [2003 - Present]</font></span></li></ul><p style=\"margin-top: 15px; font-size: 12px;\"><font face=\"Roboto\" color=\"#424242\"><span style=\"font-size: 14px;\">President Lao Hotel and Restaurant Association,&nbsp;</span><br><span style=\"font-size: 14px;\">Vice-President Lao National Chamber of Commerce and Industry (LNCCI)</span><br><span style=\"font-size: 14px;\">Managing Director Mixai Hotels Co., Ltd, </span><span style=\"font-size: 14px;\">Mixaitechno</span><span style=\"font-size: 14px;\"> Engineering &amp; Consulting Ltd</span><br><br><strong style=\"line-height: 1.3em;\"><span style=\"font-size: 14px;\">Xaybandith Rasphone</span></strong></font></p><ul style=\"margin: 15px 0px; padding-left: 30px; font-size: 12px;\"><li><span style=\"line-height: 1.3em; font-size: 14px;\"><font face=\"Roboto\" color=\"#424242\">ASEAN BAC Member - [2014 - Present]</font></span></li></ul><p style=\"margin-top: 15px; font-size: 12px;\"><font face=\"Roboto\" color=\"#424242\"><span style=\"font-size: 14px;\">Vice-President &amp; General Secretary at Association of the Lao Garment Industry</span><br><span style=\"font-size: 14px;\">Vice President &amp; General Secretary at Lao Football Federation</span><br><span style=\"font-size: 14px;\">Board of Directors at Lao National Chamber of Commerce and Industry (LNCCI)</span><br><span style=\"font-size: 14px;\">Partner at Emerging Markets Consulting - EMC</span><br><span style=\"font-size: 14px;\">Board Member at Lao ICT Commerce Association (LICA)</span><br><span style=\"font-size: 14px;\">Permanent Member </span><span style=\"font-size: 14px;\">at</span><span style=\"font-size: 14px;\"> ASEAN Federation of Textile Exporters – AFTEX</span><br><span style=\"line-height: 1.3em;\"><br><a href=\"http://asean-bac.org/members/19-members-profile/566-thanongsinh-kanlagna.html?ItemId=264&amp;tmpl=component\" style=\"\"><strong><strong><strong></strong></strong></strong></a><strong><strong><strong><a data-lightbox=\"type:iframe;width:500;height:400;\" href=\"http://asean-bac.org/members/19-members-profile/566-thanongsinh-kanlagna.html?ItemId=264&amp;tmpl=component\" style=\"display: inline-block; max-width: 100%;\"><span style=\"font-size: 14px;\">Thanongsinh Kanlagna</span></a></strong></strong></strong></span></font></p><ul style=\"margin: 15px 0px; padding-left: 30px; font-size: 12px;\"><li style=\"\"><span style=\"font-size: 14px; line-height: 1.3em;\"><font face=\"Roboto\" color=\"#424242\">ASEAN BAC Member – [2015 – Present]</font></span></li><li style=\"\"><span style=\"font-size: 14px; line-height: 1.3em;\"><font face=\"Roboto\" color=\"#424242\">CEO, Datacom</font></span></li><li style=\"\"><span style=\"font-size: 14px; line-height: 1.3em;\"><font face=\"Roboto\" style=\"\" color=\"#424242\">Vice-President, Lao National Chamber of Commerce and Industry (LNCCI)</font></span></li></ul>','2017-10-12 16:07:59','2017-10-12 16:07:59',NULL),
(6,'Malaysia','member','<p style=\"margin-top: 15px; color: rgb(119, 119, 119); font-size: 12px;\"><strong style=\"\"><font face=\"Roboto\"><span style=\"font-size: 14px;\">Tan Sri Dato\' Dr. Mohd Munir Abdul Majid</span></font></strong></p><ul style=\"margin: 15px 0px; padding-left: 30px; font-size: 12px;\"><li style=\"\"><span style=\"line-height: 1.3em; font-size: 14px;\"><font face=\"Roboto\" style=\"\" color=\"#424242\">ASEAN BAC Co-Chair 2014</font></span></li><li style=\"\"><span style=\"line-height: 1.3em; font-size: 14px;\"><font face=\"Roboto\" color=\"#424242\">ASEAN BAC Member - [2014 - Present]</font></span></li></ul><p style=\"margin-top: 15px; font-size: 12px;\"><font face=\"Roboto\" color=\"#424242\"><span style=\"font-size: 14px;\">Chairman of Bank Muamalat Malaysia Berhad (the Bank)</span></font></p><p><font face=\"Roboto\" color=\"#424242\"><br style=\"font-size: 12px;\"></font></p><p style=\"margin-top: 15px; font-size: 12px;\"><strong style=\"line-height: 1.3em;\"><a data-lightbox=\"type:iframe;width:500;height:400;\" href=\"http://asean-bac.org/members/19-members-profile/70-dato-ramesh-kodammal.html?ItemId=264&amp;tmpl=component\" style=\"display: inline-block; max-width: 100%;\"><font face=\"Roboto\" color=\"#424242\"><span style=\"font-size: 14px;\">Dato’ Ramesh </span><span style=\"font-size: 14px;\">Koddamal</span><br></font></a></strong></p><ul style=\"margin: 15px 0px; padding-left: 30px; font-size: 12px;\"><li><span style=\"line-height: 1.3em; font-size: 14px;\"><font face=\"Roboto\" color=\"#424242\">ASEAN BAC Member - [2010 - Present]</font></span></li></ul><p style=\"margin-top: 15px; font-size: 12px;\"><span style=\"line-height: 1.3em; font-size: 14px;\"><font face=\"Roboto\" color=\"#424242\">Managing Director Goldtex Exim Sdn. Bhd</font></span></p><p style=\"margin-top: 15px; font-size: 12px;\"><font face=\"Roboto\" color=\"#424242\"><span style=\"font-size: 14px;\">&nbsp;</span></font></p><p style=\"margin-top: 15px; font-size: 12px;\"><font face=\"Roboto\" color=\"#424242\"><a href=\"http://asean-bac.org/members/19-members-profile/datuk-abdul-farid-alias.html?ItemId=264&amp;tmpl=component\" style=\"\"><strong><span style=\"font-size: 14px;\">Datuk Abdul Farid Alias</span></strong></a><span style=\"font-size: 14px;\">&nbsp;-&nbsp;Group President &amp; Chief Executive Officer of Maybank Group</span></font></p><ul style=\"margin: 15px 0px 0px; padding-left: 30px; font-size: 12px;\"><li style=\"\"><span style=\"font-size: 14px; line-height: 1.3em;\"><font face=\"Roboto\" style=\"\" color=\"#424242\">ASEAN BAC Member</font></span></li></ul>','2017-10-12 16:08:39','2017-10-12 16:08:39',NULL),
(7,'Myanmar','member','<p style=\"font-size: 12px;\"><strong style=\"\"><a data-lightbox=\"type:iframe;width:500;height:400;\" href=\"http://asean-bac.org/members/19-members-profile/71-u-win-aung.html?ItemId=264&amp;tmpl=component\" style=\"display: inline-block; max-width: 100%;\"><font face=\"Roboto\" style=\"\" color=\"#424242\"><span style=\"font-size: 14px;\">U Win Aung</span><br></font></a></strong></p><ul style=\"margin: 15px 0px; padding-left: 30px; font-size: 12px;\"><li><span style=\"line-height: 1.3em; font-size: 14px;\"><font face=\"Roboto\" color=\"#424242\">ASEAN BAC Chairman 2014&nbsp;</font></span></li><li><span style=\"line-height: 1.3em; font-size: 14px;\"><font face=\"Roboto\" color=\"#424242\">ASEAN BAC Member - [2003 – 2004, 2011 - Present]</font></span></li></ul><p style=\"margin-top: 15px; font-size: 12px;\"><font face=\"Roboto\" color=\"#424242\"><span style=\"font-size: 14px;\">&nbsp;</span></font></p><p style=\"margin-top: 15px; font-size: 12px;\"><font face=\"Roboto\" color=\"#424242\"><span style=\"font-size: 14px;\">&nbsp;</span></font></p><p style=\"margin-top: 15px; font-size: 12px;\"><font face=\"Roboto\" color=\"#424242\"><span style=\"font-size: 14px;\">President of The Union of Myanmar Federation of Chambers of Commerce and Industry (UMFCCI)</span></font></p><p style=\"margin-top: 15px; font-size: 12px;\"><strong style=\"line-height: 1.3em;\"><a data-lightbox=\"type:iframe;width:500;height:400;\" href=\"http://asean-bac.org/members/19-members-profile/72-u-moe-kyaw.html?ItemId=264&amp;tmpl=component\" style=\"display: inline-block; max-width: 100%;\"><font face=\"Roboto\" color=\"#424242\"><span style=\"font-size: 14px;\">U Moe Kyaw</span></font></a></strong></p><ul style=\"margin: 15px 0px; padding-left: 30px; font-size: 12px;\"><li><span style=\"line-height: 1.3em; font-size: 14px;\"><font face=\"Roboto\" color=\"#424242\">ASEAN BAC Member - [2011 - Present]</font></span></li></ul><p style=\"margin-top: 15px; font-size: 12px;\"><font face=\"Roboto\" color=\"#424242\"><span style=\"font-size: 14px;\">Managing Director of MMRD</span><br><span style=\"font-size: 14px;\">Executive Committee Member of The Union of Myanmar Federation of Chambers of Commerce and Industry - UMFCCI</span></font></p><p style=\"margin-top: 15px; font-size: 12px;\"><strong><a data-lightbox=\"type:iframe;width:500;height:400;\" href=\"http://asean-bac.org/members/19-members-profile/523-wai-phyo.html?ItemId=264&amp;tmpl=component\" style=\"display: inline-block; max-width: 100%;\"><font face=\"Roboto\" color=\"#424242\"><span style=\"font-size: 14px;\">U Wai Phyo</span></font></a></strong></p><ul style=\"margin: 15px 0px; padding-left: 30px; font-size: 12px;\"><li><span style=\"line-height: 1.3em; font-size: 14px;\"><font face=\"Roboto\" color=\"#424242\">ASEAN BAC Member - [2013 - Present]</font></span></li></ul><p style=\"margin-top: 15px; margin-bottom: 0px; font-size: 12px;\"><font face=\"Roboto\" style=\"\" color=\"#424242\"><span style=\"font-size: 14px;\">Vice President of The Union of Myanmar Federation of Chambers of Commerce and Industry - UMFCCI</span></font></p>','2017-10-12 16:09:45','2017-10-12 16:09:45',NULL),
(8,'Philippines','member','<p style=\"color: rgb(119, 119, 119); font-size: 12px;\"><strong style=\"\"><a data-lightbox=\"type:iframe;width:500;height:400;\" href=\"http://asean-bac.org/members/19-members-profile/75-manuel-v-pangilinan.html?ItemId=264&amp;tmpl=component\" style=\"color: rgb(95, 159, 203); display: inline-block; max-width: 100%;\"><font face=\"Roboto\"><span style=\"font-size: 14px;\">Manuel V. Pangilinan</span></font></a></strong></p><ul style=\"margin: 15px 0px; padding-left: 30px; color: rgb(119, 119, 119); font-size: 12px;\"><li><span style=\"line-height: 1.3em; font-size: 14px;\"><font face=\"Roboto\">ASEAN BAC Member - [2011 - Present]</font></span></li></ul><p style=\"margin-top: 15px; color: rgb(119, 119, 119); font-size: 12px;\"><font face=\"Roboto\"><span style=\"font-size: 14px;\">&nbsp;</span></font></p><p style=\"margin-top: 15px; color: rgb(119, 119, 119); font-size: 12px;\"><font face=\"Roboto\"><span style=\"font-size: 14px;\">Chairman of Metro Pacific Investments Corp</span></font></p><p style=\"margin-top: 15px; color: rgb(119, 119, 119); font-size: 12px;\"><strong style=\"line-height: 1.3em;\"><a data-lightbox=\"type:iframe;width:500;height:400;\" href=\"http://asean-bac.org/members/19-members-profile/74-teresita-t-sy-coson.html?ItemId=264&amp;tmpl=component\" style=\"color: rgb(95, 159, 203); display: inline-block; max-width: 100%;\"><font face=\"Roboto\"><span style=\"font-size: 14px;\">Teresita Sy-Coson</span></font></a></strong></p><ul style=\"margin: 15px 0px; padding-left: 30px; color: rgb(119, 119, 119); font-size: 12px;\"><li><span style=\"line-height: 1.3em; font-size: 14px;\"><font face=\"Roboto\">ASEAN BAC Member - [2011 - Present]</font></span></li></ul><p style=\"margin-top: 15px; color: rgb(119, 119, 119); font-size: 12px;\"><font face=\"Roboto\"><span style=\"font-size: 14px;\">Chairperson of Banco de Oro</span></font></p><p style=\"margin-top: 15px; color: rgb(119, 119, 119); font-size: 12px;\"><strong><a data-lightbox=\"type:iframe;width:500;height:400;\" href=\"http://asean-bac.org/members/19-members-profile/76-jay-yuvallos.html?ItemId=264&amp;tmpl=component\" style=\"color: rgb(95, 159, 203); display: inline-block; max-width: 100%;\"><font face=\"Roboto\"><span style=\"font-size: 14px;\">Jay Yuvallos</span></font></a></strong></p><ul style=\"margin: 15px 0px; padding-left: 30px; color: rgb(119, 119, 119); font-size: 12px;\"><li><span style=\"line-height: 1.3em; font-size: 14px;\"><font face=\"Roboto\">ASEAN BAC Member - [2011 - Present]</font></span></li></ul><p style=\"margin-top: 15px; margin-bottom: 0px; color: rgb(119, 119, 119); font-size: 12px;\"><font face=\"Roboto\"><span style=\"font-size: 14px;\">President of Interior Basic Export Group</span></font></p>','2017-10-12 16:10:38','2017-10-12 16:10:38',NULL),
(9,'Singapore','member','<p style=\"color: rgb(119, 119, 119); font-size: 12px;\"><strong style=\"\"><a data-lightbox=\"type:iframe;width:500;height:400;\" href=\"http://asean-bac.org/members/19-members-profile/77-dr-robert-yap.html?ItemId=264&amp;tmpl=component\" style=\"color: rgb(95, 159, 203); display: inline-block; max-width: 100%;\"><font face=\"Roboto\"><span style=\"font-size: 14px;\">Dr. Robert Yap</span></font></a></strong></p><ul style=\"margin: 15px 0px; padding-left: 30px; font-size: 12px;\"><li style=\"\"><span style=\"line-height: 1.3em; font-size: 14px;\"><font face=\"Roboto\" style=\"\" color=\"#424242\">ASEAN BAC Chairman 2007</font></span></li><li style=\"\"><span style=\"line-height: 1.3em; font-size: 14px;\"><font face=\"Roboto\" color=\"#424242\">ASEAN BAC Co-Chair 2008-2009</font></span></li><li style=\"\"><span style=\"line-height: 1.3em; font-size: 14px;\"><font face=\"Roboto\" color=\"#424242\">ASEAN BAC Member - [2003 - Present]</font></span></li></ul><p style=\"margin-top: 15px; font-size: 12px;\"><font face=\"Roboto\" color=\"#424242\"><span style=\"font-size: 14px;\">Executive Chairman of YCH Group</span></font></p><p style=\"margin-top: 15px; font-size: 12px;\"><strong><a data-lightbox=\"type:iframe;width:500;height:400;\" href=\"http://asean-bac.org/members/19-members-profile/79-douglas-foo.html?ItemId=264&amp;tmpl=component\" style=\"display: inline-block; max-width: 100%;\"><font face=\"Roboto\" color=\"#424242\"><span style=\"font-size: 14px;\">Douglas Foo</span></font></a></strong></p><ul style=\"margin: 15px 0px; padding-left: 30px; font-size: 12px;\"><li><span style=\"line-height: 1.3em; font-size: 14px;\"><font face=\"Roboto\" color=\"#424242\">ASEAN BAC Member - [2012 - Present]</font></span></li></ul><p style=\"margin-top: 15px; font-size: 12px;\"><font face=\"Roboto\" color=\"#424242\"><span style=\"font-size: 14px;\">Chairman of Sakae Holdings Ltd.</span></font></p><p style=\"margin-top: 15px; font-size: 12px;\"><strong style=\"line-height: 1.3em;\"><a data-lightbox=\"type:iframe;width:500;height:400;\" href=\"http://asean-bac.org/members/19-members-profile/550-robert-yap-min-choy.html?ItemId=264&amp;tmpl=component\" style=\"display: inline-block; max-width: 100%;\"><font face=\"Roboto\" color=\"#424242\"><span style=\"font-size: 14px;\">Robert Yap Min Choy</span></font></a></strong></p><ul style=\"margin: 15px 0px; padding-left: 30px; font-size: 12px;\"><li><span style=\"line-height: 1.3em; font-size: 14px;\"><font face=\"Roboto\" color=\"#424242\">ASEAN BAC Member - [2015 - Present]</font></span></li></ul><p style=\"margin-top: 15px; margin-bottom: 0px; font-size: 12px;\"><font face=\"Roboto\" style=\"\" color=\"#424242\"><span style=\"font-size: 14px;\">Chairman of Current Asia Limited</span></font></p>','2017-10-12 16:12:38','2017-10-12 16:12:38',NULL),
(10,'Thailand','member','<p style=\"font-size: 12px;\"><strong style=\"\"><a data-lightbox=\"type:iframe;width:500;height:400;\" href=\"http://asean-bac.org/members/19-members-profile/80-arin-jira.html?ItemId=264&amp;tmpl=component\" style=\"display: inline-block; max-width: 100%;\"><font color=\"#424242\" style=\"\" face=\"Roboto\"><span style=\"font-size: 14px;\">Arin Jira</span></font></a></strong></p><ul style=\"margin: 15px 0px; padding-left: 30px; font-size: 12px;\"><li style=\"\"><span style=\"line-height: 1.3em; font-size: 14px;\"><font color=\"#424242\" style=\"\" face=\"Roboto\">ASEAN BAC Chairman 2008 - 2009</font></span></li><li style=\"\"><span style=\"line-height: 1.3em; font-size: 14px;\"><font color=\"#424242\" face=\"Roboto\">ASEAN BAC Co-Chair 2010</font></span></li><li style=\"\"><span style=\"line-height: 1.3em; font-size: 14px;\"><font color=\"#424242\" face=\"Roboto\">ASEAN BAC Member - [2007 - Present]</font></span></li></ul><p style=\"margin-top: 15px; font-size: 12px;\"><font color=\"#424242\" face=\"Roboto\"><span style=\"font-size: 14px;\">&nbsp;</span></font></p><p style=\"margin-top: 15px; font-size: 12px;\"><font color=\"#424242\" face=\"Roboto\"><span style=\"font-size: 14px;\">Vice Chairman, Federation of Thai Industries,</span><br><span style=\"font-size: 14px;\">Executive Director, Bangkok Industrial Gas Co., Ltd</span><br><span style=\"font-size: 14px;\">Director, Bangkok Commercial Asset Management Co., Ltd.</span><br><span style=\"font-size: 14px;\">Chairman, Map Ta Phut Industrial Gases Co, Ltd.</span></font></p><p style=\"margin-top: 15px; font-size: 12px;\"><strong style=\"line-height: 1.3em;\"><a data-lightbox=\"type:iframe;width:500;height:400;\" href=\"http://asean-bac.org/members/19-members-profile/81-phairush-burapachaisri.html?ItemId=264&amp;tmpl=component\" style=\"display: inline-block; max-width: 100%;\"><font color=\"#424242\" face=\"Roboto\"><span style=\"font-size: 14px;\">Phairush Burapachaisri</span></font></a></strong></p><ul style=\"margin: 15px 0px; padding-left: 30px; font-size: 12px;\"><li style=\"\"><span style=\"line-height: 1.3em; font-size: 14px;\"><font color=\"#424242\" style=\"\" face=\"Roboto\">ASEAN BAC Member - [2005 - Present]</font></span></li></ul>','2017-10-12 16:13:44','2017-10-12 16:13:44',NULL),
(11,'Vietnam','member','<p style=\"font-size: 12px;\"><strong style=\"\"><a data-lightbox=\"type:iframe;width:500;height:400;\" href=\"http://asean-bac.org/members/19-members-profile/83-dr-doan-duy-khuong.html?ItemId=264&amp;tmpl=component\" style=\"display: inline-block; max-width: 100%;\"><font face=\"Roboto\" style=\"\" color=\"#424242\"><span style=\"font-size: 14px;\">Dr. Doan Duy Khuong</span></font></a></strong></p><ul style=\"margin: 15px 0px; padding-left: 30px; font-size: 12px;\"><li><span style=\"line-height: 1.3em; font-size: 14px;\"><font face=\"Roboto\" color=\"#424242\">ASEAN BAC Chairman 2010</font></span></li><li><span style=\"line-height: 1.3em; font-size: 14px;\"><font face=\"Roboto\" color=\"#424242\">ASEAN BAC Co-Chair 2011</font></span></li><li><span style=\"line-height: 1.3em; font-size: 14px;\"><font face=\"Roboto\" color=\"#424242\">ASEAN BAC Member - [2005 - Present]</font></span></li></ul><p style=\"margin-top: 15px; font-size: 12px;\"><font face=\"Roboto\" color=\"#424242\"><span style=\"font-size: 14px;\">Executive Vice President of Vietnam Chamber of Commerce and Industry</span></font></p><p style=\"margin-top: 15px; font-size: 12px;\"><strong><a data-lightbox=\"type:iframe;width:500;height:400;\" href=\"http://asean-bac.org/members/19-members-profile/85-dang-thi-hoang-yen.html?ItemId=264&amp;tmpl=component\" style=\"display: inline-block; max-width: 100%;\"><font face=\"Roboto\" color=\"#424242\"><span style=\"font-size: 14px;\">Mdm. Dang Thi Hoang Yen</span><br></font></a></strong></p><ul style=\"margin: 15px 0px; padding-left: 30px; font-size: 12px;\"><li style=\"\"><span style=\"line-height: 1.3em; font-size: 14px;\"><font face=\"Roboto\" style=\"\" color=\"#424242\">ASEAN BAC Member - [2010 - Present]</font></span></li></ul>','2017-10-12 16:14:13','2017-10-12 16:14:13',NULL),
(12,'Brunei Darussalam','founding_member','<p><font face=\"Roboto\" color=\"#424242\"><span style=\"font-size: 14px;\">HRH Prince Abdul Qawi&nbsp;</span><br style=\"font-size: 12px;\"><span style=\"font-size: 14px;\">Mr. Razali Johari&nbsp;</span><br style=\"font-size: 12px;\"><span style=\"font-size: 14px;\">Dato Lim Beng Thai</span></font><br></p>','2017-10-12 16:25:44','2017-10-12 16:25:44',NULL),
(13,'Cambodia','founding_member','<p><font face=\"Roboto\"><span style=\"color: rgb(119, 119, 119); font-size: 14px;\">Okhna Sorn Sokna                  </span><br style=\"color: rgb(119, 119, 119); font-size: 12px;\"><span style=\"color: rgb(119, 119, 119); font-size: 14px;\">Oknha Kong Triv</span><br style=\"color: rgb(119, 119, 119); font-size: 12px;\"><span style=\"color: rgb(119, 119, 119); font-size: 14px;\">Okhna Hann Khieng</span></font><br></p>','2017-10-12 16:27:23','2017-10-12 16:27:23',NULL),
(14,'Indonesia','founding_member','<p><font face=\"Roboto\" color=\"#424242\"><span style=\"font-size: 14px;\">Mr. Rudy J Pesik</span><br style=\"font-size: 12px;\"><span style=\"font-size: 14px;\">Mr. Henry Hutabarat</span><br style=\"font-size: 12px;\"><span style=\"font-size: 14px;\">Mr. Rudijto</span></font><br></p>','2017-10-12 16:33:14','2017-10-12 16:33:14',NULL),
(15,'Lao PDR','founding_member','<p><font color=\"#424242\" face=\"Roboto\"><span style=\"font-size: 14px;\">Oudet Souvannavong (Co-chairman)</span><br style=\"font-size: 12px;\"><span style=\"font-size: 14px;\">Dr. Sananh Choulamany</span></font><br></p>','2017-10-12 16:33:38','2017-10-12 16:33:38',NULL),
(16,'Malaysia','founding_member','<p><font face=\"Roboto\" color=\"#424242\"><span style=\"font-size: 14px;\">Dato’ Syed Amin Aljeffri (Chairman)&nbsp;</span><br style=\"font-size: 12px;\"><span style=\"font-size: 14px;\">Dato’ Dr. Zahrar Bt A. Kadir</span></font><br></p>','2017-10-12 16:34:21','2017-10-12 16:34:21',NULL),
(17,'Myanmar','founding_member','<p><font color=\"#424242\" face=\"Roboto\"><span style=\"font-size: 14px;\">Prof Dr. Sein Myint </span><br style=\"font-size: 12px;\"><span style=\"font-size: 14px;\">Dr. Ko Ko Gyi</span><br style=\"font-size: 12px;\"><span style=\"font-size: 14px;\">Mr. U Win Aung</span></font><br></p>','2017-10-12 16:39:08','2017-10-12 16:39:08',NULL),
(18,'Philippines','founding_member','<p><font face=\"Roboto\" color=\"#424242\"><span style=\"font-size: 14px;\">Mr. Jose Concepcion., Jr </span><br style=\"font-size: 12px;\"><span style=\"font-size: 14px;\">Mr. Miguel V. Varela </span><br style=\"font-size: 12px;\"><span style=\"font-size: 14px;\">Ms. Rose Teodoro</span></font><br></p>','2017-10-12 16:39:33','2017-10-12 16:39:33',NULL),
(19,'Singapore','founding_member','<p><font face=\"Roboto\" color=\"#424242\"><span style=\"font-size: 14px;\">Mr. Lim Chee Onn</span><br style=\"font-size: 12px;\"><span style=\"font-size: 14px;\">Mr. Tony Chew</span><br style=\"font-size: 12px;\"><span style=\"font-size: 14px;\">Dr. Robert Yap., PhD</span></font><br></p>','2017-10-12 16:40:12','2017-10-12 16:40:12',NULL),
(20,'Thailand','founding_member','<p><font face=\"Roboto\" color=\"#424242\"><span style=\"font-size: 14px;\">Mr. Viraj Klewpatinond</span><br style=\"font-size: 12px;\"><span style=\"font-size: 14px;\">Mr. Phairush Burapachaisri&nbsp;</span><br style=\"font-size: 12px;\"><span style=\"font-size: 14px;\">Dr. Twatchai Yongkittikul</span></font><br></p>','2017-10-12 16:40:55','2017-10-12 16:40:55',NULL),
(21,'Vietnam','founding_member','<p><font face=\"Roboto\" color=\"#424242\"><span style=\"font-size: 14px;\">Dr. Vu Tien Loc</span><br style=\"font-size: 12px;\"><span style=\"font-size: 14px;\">Mr. Tran Thien Chuong</span><br style=\"font-size: 12px;\"><span style=\"font-size: 14px;\">Mr. Nguyen Van Hai</span></font><br></p>','2017-10-12 16:43:15','2017-10-12 16:43:15',NULL),
(22,'Brunei Darussalam','lead_staffers','<p><span style=\"font-size: 14px;\"><font face=\"Roboto\" style=\"\" color=\"#424242\">Lead Staffers from member countries coming soon</font></span><br></p>','2017-10-12 16:44:18','2017-10-12 16:44:18',NULL),
(23,'Cambodia','lead_staffers','<p style=\"font-size: 12px;\"><font face=\"Roboto\" style=\"\"><strong style=\"color: rgb(119, 119, 119);\"><a data-lightbox=\"type:iframe;width:500;height:400;\" href=\"http://asean-bac.org/members/19-members-profile/116-h-e-nguon-meng-tech.html?ItemId=264&amp;tmpl=component\" style=\"color: rgb(95, 159, 203); display: inline-block; max-width: 100%;\"><span style=\"font-size: 14px;\">H.E. Nguon Meng Tech</span></a></strong><font color=\"#424242\"><br><span style=\"font-size: 14px;\">Director General Cambodia Chamber of Commerce</span><br><span style=\"font-size: 14px;\">#7D, Russian Blvd, Sk. Tuek laak 1, Kh. Chamcarmorn</span><br><span style=\"font-size: 14px;\">Phnom Penh, Cambodia</span></font></font></p><p style=\"margin-top: 15px; font-size: 12px;\"><font face=\"Roboto\" style=\"\" color=\"#424242\"><strong style=\"\"><span style=\"font-size: 14px;\">Tel:</span></strong><span style=\"font-size: 14px;\">&nbsp;+ 855 23 880 795</span><br><strong style=\"\"><span style=\"font-size: 14px;\">Fax:</span></strong><span style=\"font-size: 14px;\">&nbsp;+ 855 23 881 757</span><br><strong style=\"\"><span style=\"font-size: 14px;\">Mobile:</span></strong><span style=\"font-size: 14px;\">&nbsp;+ 855 12 981 666</span><br><strong style=\"\"><span style=\"font-size: 14px;\">Email:</span></strong><span id=\"cloak85370\" style=\"font-size: 14px;\"><a href=\"mailto:meng-tech.ppcc@everyday.com.kh\" style=\"\">meng-tech.ppcc@everyday.com.kh</a></span><span style=\"font-size: 14px;\">;&nbsp;</span><span id=\"cloak39355\" style=\"font-size: 14px;\"><a href=\"mailto:mengtechnguon@ccc.org.kh\" style=\"\">mengtechnguon@ccc.org.kh</a></span></font></p>','2017-10-12 16:44:49','2017-10-12 16:44:49',NULL),
(24,'Cambodia','lead_staffers','<p style=\"font-size: 12px;\"><font face=\"Roboto\" style=\"\" color=\"#424242\"><strong style=\"\"><a data-lightbox=\"type:iframe;width:500;height:400;\" href=\"http://asean-bac.org/members/19-members-profile/117-f-x-sri-martono.html?ItemId=264&tmpl=component\" style=\"display: inline-block; max-width: 100%;\"><span style=\"font-size: 14px;\">F.X. Sri Martono</span></a></strong><br><span style=\"line-height: 1.3em;\"><span style=\"font-size: 14px;\">Chief Corporate Human Capital Development of PT Astra International Tbk</span><br></span><span style=\"line-height: 1.3em;\"><span style=\"font-size: 14px;\">Jl. Gaya Motor Raya No. 8, Sunter II - Jakarta Utara</span><br></span><span style=\"line-height: 1.3em; font-size: 14px;\">Jakarta 14330. Indonesia</span></font></p><p style=\"margin-top: 15px; margin-bottom: 0px; font-size: 12px;\"><font face=\"Roboto\" style=\"\" color=\"#424242\"><strong style=\"\"><span style=\"font-size: 14px;\">Phone:</span></strong><span style=\"font-size: 14px;\">(62-21) 6522555</span><strong style=\"\"><br><span style=\"font-size: 14px;\">Fax: </span></strong><span style=\"font-size: 14px;\">(62-21) 6512058</span><br><strong style=\"line-height: 1.3em;\"><span style=\"font-size: 14px;\">Email: </span></strong><span id=\"cloak58483\" style=\"font-size: 14px;\"><a href=\"mailto:sri.martono@ai.astra.co.id\" style=\"line-height: 1.3em;\">sri.martono@ai.astra.co.id</a></span></font></p>','2017-10-12 16:45:28','2017-10-12 16:45:28',NULL),
(25,'Malaysia','lead_staffers','<p style=\"font-size: 12px;\"><strong style=\"font-family: Nobile; color: rgb(119, 119, 119);\"><a data-lightbox=\"type:iframe;width:500;height:400;\" href=\"http://asean-bac.org/members/19-members-profile/118-tharmapalan.html?ItemId=264&amp;tmpl=component\" style=\"color: rgb(95, 159, 203); display: inline-block; max-width: 100%;\"><span style=\"font-size: 14px;\">Tharmapalan</span></a></strong><font color=\"#424242\" style=\"\" face=\"Roboto\"><br><span style=\"line-height: 1.3em; font-size: 14px;\">Laison Chief International Affairs &amp; Training</span><span style=\"font-size: 14px;\">&nbsp;</span><span style=\"font-size: 14px;\">of</span><span style=\"line-height: 1.3em;\"><span style=\"font-size: 14px;\">Kuala</span><span style=\"font-size: 14px;\"> Lumpur Malay Chamber of Commerce Malaysia</span><br></span><span style=\"line-height: 1.3em;\"><span style=\"font-size: 14px;\">No. 79 C (3rd Floor), Damai Complex</span><br></span><span style=\"line-height: 1.3em;\"><span style=\"font-size: 14px;\">Jalan Datuk Haji Eusoff, 50400 Kuala Lumpur</span><br></span><span style=\"line-height: 1.3em; font-size: 14px;\">Malaysia</span></font></p><p style=\"margin-top: 15px; margin-bottom: 0px; font-size: 12px;\"><font color=\"#424242\" style=\"\" face=\"Roboto\"><strong style=\"\"><span style=\"font-size: 14px;\">Tel:&nbsp;</span></strong><span style=\"font-size: 14px;\">+ 603 4042 4711</span><br><strong style=\"line-height: 1.3em;\"><span style=\"font-size: 14px;\">Fax:&nbsp;</span></strong><span style=\"line-height: 1.3em;\"><span style=\"font-size: 14px;\">+ 603 4042 1540</span><br></span><strong style=\"line-height: 1.3em;\"><span style=\"font-size: 14px;\">Mobile:&nbsp;&nbsp;</span></strong><span style=\"line-height: 1.3em;\"><span style=\"font-size: 14px;\">+6012 2001143</span><br></span><strong style=\"line-height: 1.3em;\"><span style=\"font-size: 14px;\">Email:&nbsp;</span></strong><span id=\"cloak93215\" style=\"font-size: 14px;\"><a href=\"mailto:tharma@klmcc.com\" style=\"line-height: 1.3em;\">tharma@klmcc.com</a></span></font></p>','2017-10-12 16:45:48','2017-10-12 16:45:48',NULL),
(26,'Philippines','lead_staffers','<p style=\"font-size: 12px;\"><font color=\"#424242\" style=\"\" face=\"Roboto\"><strong style=\"\"><a data-lightbox=\"type:iframe;width:500;height:400;\" href=\"http://asean-bac.org/members/19-members-profile/119-gil-gonzales.html?ItemId=264&amp;tmpl=component\" style=\"display: inline-block; max-width: 100%;\"><span style=\"font-size: 14px;\">Gil Gonzales</span></a></strong><br><span style=\"line-height: 1.3em;\"><span style=\"font-size: 14px;\">Vice President for Corporate Governance and Risk Management</span><br></span><span style=\"line-height: 1.3em;\"><span style=\"font-size: 14px;\">SM Investments Corporation</span><br></span><span style=\"line-height: 1.3em;\"><span style=\"font-size: 14px;\">One E-Com Center, 10th Floor, Harbor Drive</span><br></span><span style=\"line-height: 1.3em;\"><span style=\"font-size: 14px;\">Mall of Asia Complex, CBP-1A</span><br></span><span style=\"line-height: 1.3em; font-size: 14px;\">Pasay City 1300, Philippines</span></font></p><p style=\"margin-top: 15px; margin-bottom: 0px; font-size: 12px;\"><font color=\"#424242\" style=\"\" face=\"Roboto\"><strong style=\"\"><span style=\"font-size: 14px;\">Phone:&nbsp;</span></strong><span style=\"font-size: 14px;\">[632] 857-0100</span><br><strong style=\"line-height: 1.3em;\"><span style=\"font-size: 14px;\">Email:&nbsp;</span></strong><span id=\"cloak53080\" style=\"font-size: 14px;\"><a href=\"mailto:gil.gonzales@sminvestments.com\" style=\"line-height: 1.3em;\">gil.gonzales@sminvestments.com</a></span></font></p>','2017-10-12 16:46:38','2017-10-12 16:46:38',NULL),
(27,'Singapore','lead_staffers','<p style=\"font-size: 12px;\"><font color=\"#424242\" style=\"\"><strong style=\"font-family: Nobile;\"><a data-lightbox=\"type:iframe;width:500;height:400;\" href=\"http://asean-bac.org/members/19-members-profile/120-alan-tan.html?ItemId=264&tmpl=component\" style=\"display: inline-block; max-width: 100%;\"><span style=\"font-size: 14px;\">Alan Tan</span></a></strong><font face=\"Roboto\"><br><span style=\"line-height: 1.3em;\"><span style=\"font-size: 14px;\">Director (ASEAN & South Asia), Global Business Division of Singapore Business Federation</span><br></span><span style=\"line-height: 1.3em; font-size: 14px;\">No. 10 Hoe Chiang Road, #22-01 Keppel Towers, Singapore 089315</span></font></font></p><p style=\"margin-top: 15px; margin-bottom: 0px; font-size: 12px;\"><font color=\"#424242\" style=\"\" face=\"Roboto\"><strong style=\"\"><span style=\"font-size: 14px;\">Tel: </span></strong><span style=\"font-size: 14px;\">+65-68276894 (Direct)</span><strong style=\"\"><span style=\"font-size: 14px;\"> Main Line: </span></strong><span style=\"font-size: 14px;\">+65-6827 6828</span><br><strong style=\"line-height: 1.3em;\"><span style=\"font-size: 14px;\">Fax: </span></strong><span style=\"line-height: 1.3em;\"><span style=\"font-size: 14px;\">+65-67202873</span><br></span><strong style=\"line-height: 1.3em;\"><span style=\"font-size: 14px;\">Email: </span></strong><span id=\"cloak16771\" style=\"font-size: 14px;\"><a href=\"mailto:alan.tan@sbf.org.sg\" style=\"line-height: 1.3em;\">alan.tan@sbf.org.sg</a></span></font></p>','2017-10-12 16:47:15','2017-10-12 16:47:15',NULL),
(28,'Vietnam','lead_staffers','<p style=\"font-size: 12px;\"><font color=\"#424242\" style=\"\"><strong style=\"font-family: Nobile;\"><a data-lightbox=\"type:iframe;width:500;height:400;\" href=\"http://asean-bac.org/members/19-members-profile/121-nguyen-nam.html?ItemId=264&tmpl=component\" style=\"display: inline-block; max-width: 100%;\"><span style=\"font-size: 14px;\">Nguyen Nam</span></a></strong><font face=\"Roboto\"><br><span style=\"line-height: 1.3em; font-size: 14px;\">International Relations Department of Vietnam Chamber of Commerce and Industry</span></font></font></p><p style=\"margin-top: 15px; margin-bottom: 0px; font-size: 12px;\"><font color=\"#424242\" style=\"\" face=\"Roboto\"><strong style=\"\"><span style=\"font-size: 14px;\">Tel: </span></strong><span style=\"font-size: 14px;\">84-4-35742022 ext 247</span><br><strong style=\"line-height: 1.3em;\"><span style=\"font-size: 14px;\">Fax: </span></strong><span style=\"line-height: 1.3em;\"><span style=\"font-size: 14px;\">84-4-35742020</span><br></span><strong style=\"line-height: 1.3em;\"><span style=\"font-size: 14px;\">Email: </span></strong><span id=\"cloak89432\" style=\"font-size: 14px;\"><a href=\"mailto:namn@vcci.com.vn\" style=\"line-height: 1.3em;\"><strong style=\"\">namn@vcci.com.vn</strong></a></span></font></p>','2017-10-12 16:51:39','2017-10-12 16:51:39',NULL);

/*Table structure for table `migrations` */

DROP TABLE IF EXISTS `migrations`;

CREATE TABLE `migrations` (
  `id` int(10) unsigned NOT NULL AUTO_INCREMENT,
  `migration` varchar(191) COLLATE utf8mb4_unicode_ci NOT NULL,
  `batch` int(11) NOT NULL,
  PRIMARY KEY (`id`)
) ENGINE=InnoDB AUTO_INCREMENT=20 DEFAULT CHARSET=utf8mb4 COLLATE=utf8mb4_unicode_ci;

/*Data for the table `migrations` */

insert  into `migrations`(`id`,`migration`,`batch`) values 
(1,'2014_10_12_000000_create_users_table',1),
(2,'2017_09_26_210255_create_news_table',1),
(3,'2017_09_27_140923_create_partners_table',1),
(4,'2017_09_27_151949_create_flags_table',1),
(5,'2017_10_03_122923_create_album_table',1),
(6,'2017_10_03_125051_create_gallery_table',1),
(7,'2017_10_03_202419_create_events_table',1),
(8,'2017_10_04_112925_create_featured_video_table',1),
(9,'2017_10_04_142909_create_supporting_organization_table',1),
(10,'2017_10_04_145833_create_press_releases_table',1),
(11,'2017_10_04_152124_create_publication_table',1),
(12,'2017_10_04_154950_create_page_content_table',1),
(13,'2017_10_04_170023_create_members_table',1),
(14,'2017_10_04_184905_create_header_images_table',1),
(15,'2017_10_04_190049_create_social_links_table',1),
(16,'2017_10_10_125623_create_advertisement_table',1),
(17,'2017_10_10_184229_create_contact_inquiry_table',1),
(18,'2017_10_10_205203_create_subscribers_table',1),
(19,'2017_10_20_124821_update_advertisement_table_add_type_field',2);

/*Table structure for table `news` */

DROP TABLE IF EXISTS `news`;

CREATE TABLE `news` (
  `id` int(10) unsigned NOT NULL AUTO_INCREMENT,
  `title` varchar(191) COLLATE utf8mb4_unicode_ci DEFAULT NULL,
  `author` varchar(191) COLLATE utf8mb4_unicode_ci DEFAULT NULL,
  `is_featured` enum('yes','no') COLLATE utf8mb4_unicode_ci DEFAULT 'no',
  `content` longtext COLLATE utf8mb4_unicode_ci,
  `path` text COLLATE utf8mb4_unicode_ci,
  `directory` text COLLATE utf8mb4_unicode_ci,
  `filename` text COLLATE utf8mb4_unicode_ci,
  `created_at` timestamp NULL DEFAULT NULL,
  `updated_at` timestamp NULL DEFAULT NULL,
  `deleted_at` timestamp NULL DEFAULT NULL,
  PRIMARY KEY (`id`)
) ENGINE=InnoDB AUTO_INCREMENT=9 DEFAULT CHARSET=utf8mb4 COLLATE=utf8mb4_unicode_ci;

/*Data for the table `news` */

insert  into `news`(`id`,`title`,`author`,`is_featured`,`content`,`path`,`directory`,`filename`,`created_at`,`updated_at`,`deleted_at`) values 
(1,'AGRIPRENEURSHIP AS THE GAMECHANGER TOWARDS PROSPERITY FOR ALL','ASEAN BAC - Admin','yes','<p style=\"margin-top: 15px; font-size: 12px;\"><span style=\"font-size: 14px;\"><font face=\"Roboto\" style=\"\" color=\"#424242\">AN OVERVIEW ON THE ASEAN AGRICULTURE SUMMIT</font></span></p><p style=\"margin-top: 15px; font-size: 12px;\"><span style=\"font-size: 14px;\"><font face=\"Roboto\" color=\"#424242\">The ASEAN Business Advisory Council, in partnership with the Philippine Department of Agriculture, will hold the ASEAN Agriculture Summit at the SMX Convention Center, Manila with the overarching theme of “Agripreneurship: The Gamechanger Towards Prosperity for All” on October 4, 2017. The event will be held in conjunction with the Department of Agriculture’s Agrilink: 24th International Agribusiness Exhibition and Seminars from October 5 to 7 at World Trade Center, Manila.</font></span></p><p style=\"margin-top: 15px; font-size: 12px;\"><font face=\"Roboto\" color=\"#424242\"><span style=\"font-size: 14px;\">The ASEAN Agriculture Summit is an initiative of the ASEAN Business Advisory Council as its first step forward to bring together and mobilize key ecosystem stakeholders into crafting and actualizing an integrated framework for </span><span style=\"font-size: 14px;\">agripreneurship</span><span style=\"font-size: 14px;\"> that is integral to achieving prosperity for all. The summit will focus on informing, inspiring and connecting ASEAN </span><span style=\"font-size: 14px;\">agri</span><span style=\"font-size: 14px;\"> ecosystem stakeholders toward adopting and supporting the modernization and industrialization of agriculture thru </span><span style=\"font-size: 14px;\">agripreneurship</span><span style=\"font-size: 14px;\"> as a sustainable strategy to alleviate poverty, accelerate growth, and promote rural development throughout the region.</span></font></p><p style=\"margin-top: 15px; font-size: 12px;\"><font face=\"Roboto\" color=\"#424242\"><span style=\"font-size: 14px;\">Discussants, reactors policy makers in government, and enablers from the private sector will internalize their roles in this dynamic journey toward achieving prosperity for all by sharing their success stories and challenges as </span><span style=\"font-size: 14px;\">agro enterprises</span><span style=\"font-size: 14px;\"> with ongoing business within ASEAN and beyond. And through the summit, they will help initiate the establishment of a regional experts group on agriculture focused on entrepreneurship.</span></font></p><p style=\"margin-top: 15px; font-size: 12px;\"><font face=\"Roboto\" color=\"#424242\"><span style=\"font-size: 14px;\">The summit proper will be composed of engaging forums and presentations on the most pertinent subjects in </span><span style=\"font-size: 14px;\">agripreneurship</span><span style=\"font-size: 14px;\">. Speakers will include Presidential Adviser for Entrepreneurship and ASEAN-BAC Chair Joey Concepcion, Department of Agriculture Secretary Manny Piñol, Executive Director of Center for Food and Agri (CFA) Business in the University of Asia and the Pacific and the Vice President of the Philippine Chamber of Agriculture and Food Dr. Rolando Dy, and Former Secretary of the Department of Agriculture and the President of Inang Lupa Foundation Dr. William Dar.</span></font></p><p style=\"margin-top: 15px; font-size: 12px;\"><font face=\"Roboto\" color=\"#424242\"><span style=\"font-size: 14px;\">The four forums will feature thought leaders on </span><span style=\"font-size: 14px;\">agripreneurship</span><span style=\"font-size: 14px;\"> from the across the ASEAN and beyond. They will tackle the topics of Small Farm Holdings and Land Consolidation in Agri Enterprise Development, Farm Consolidation as Rural Development Strategy, Enabling Environment for Inclusive Business, and Leveraging on Technology and Innovation.</span></font></p><p style=\"margin-top: 15px; margin-bottom: 0px; font-size: 12px;\"><font face=\"Roboto\" style=\"\" color=\"#424242\"><span style=\"font-size: 14px;\">For more information on the </span><span style=\"font-size: 14px;\">ASEAN</span><span style=\"font-size: 14px;\"> Agriculture Summit visit </span><a href=\"http://www.aseanagrisummit.com/\" style=\"\"><span style=\"font-size: 14px;\">www.aseanagrisummit.com</span></a></font></p>','storage/news','http://abac.highlysucceed.com/storage/news/20171012','HMUfmJlA1L6svBw8AEDK101220170105.jpg','2017-10-12 13:11:06','2017-10-12 13:11:30',NULL),
(2,'72nd ASEAN-BAC Meeting, 6-7 September 2017. Manila, Philippines','ASEAN BAC - Admin','yes','<p><strong style=\"font-size: 12px;\"><font color=\"#424242\" style=\"\" face=\"Roboto\"><span style=\"font-size: 14px;\">“10</span><sup style=\"\"><span style=\"font-size: 14px;\">th</span></sup><span style=\"font-size: 14px;\">&nbsp;years of ASEAN Business Awards”</span></font></strong></p><p style=\"margin-top: 15px; font-size: 12px;\"><font color=\"#424242\" face=\"Roboto\"><span style=\"font-size: 14px;\">The ASEAN Business Advisory Council (ASEAN-BAC) recently held its 72</span><sup><span style=\"font-size: 14px;\">nd</span></sup><span style=\"font-size: 14px;\">&nbsp;Meeting </span><span style=\"font-size: 14px;\">in</span><span style=\"font-size: 14px;\"> the Solaire Resort and Casino, Parañaque City, Manila on the 6-7 September 2017.&nbsp; ASEAN BAC was created in 2003 by the ASEAN Leaders to serve as the Apex Business Council to put together and champion private-sector concerns and feedback to boost ASEAN\'s efforts towards faster and more inclusive economic integration.</span></font></p><p style=\"margin-top: 15px; font-size: 12px;\"><font color=\"#424242\" face=\"Roboto\"><span style=\"font-size: 14px;\">On the evening of 6</span><sup><span style=\"font-size: 14px;\">th</span></sup><span style=\"font-size: 14px;\">&nbsp;September 2017 in the Grand Ballroom of Solaire, ASEAN-BAC unveiled the 47 awardees of ASEAN Business Awards, in the grandest celebration yet in its </span><span style=\"font-size: 14px;\">10th year</span><span style=\"font-size: 14px;\"> history. “Today, we honor top entrepreneurs—many of whom started small. And today, we honor legacy awardees, many of whom we have all looked up to. For every awardee, this recognition must be put into good use. I call on the awardees today to embrace the micro and small entrepreneurs into your value chains.” said ASEAN-BAC Chair Joey Concepcion as he opened the awarding ceremony. Concepcion also emphasized the value of mentorship and inclusive business models in championing prosperity for all across the region.</span></font></p><p style=\"margin-top: 15px; font-size: 12px;\"><font color=\"#424242\" face=\"Roboto\"><span style=\"font-size: 14px;\">More than 900 guests, 400 of which were delegates who flew in from across Asia and beyond, attended to witness the biggest awarding ceremony in ASEAN.&nbsp; Among the business greats who attended were Legacy Awardees John Gokongwei (JG Summit) from the Philippines, Singapore’s Wee Cho Yaw (United Overseas Bank), Indonesia’s Dr. (H.C.) Sudhamek AWS (GarudaFood) and Malaysia’s Goh Peng Ooi (Silverlake Axis); Inclusive Business Winner Jaime Zobel de Ayala (Ayala Philippines), Priority Integration Sector in Tourism Winner Tony Fernandes (Air Asia) from Malaysia, Young Entrepreneur of the Year Dennis Uy (Udenna Corporation) from Philippines, and Priority Integration Sector in Healthcare Winner Vidjongtius (Kalbe Farma) from Indonesia</span></font></p><p style=\"margin-top: 15px; font-size: 12px;\"><font color=\"#424242\" face=\"Roboto\"><span style=\"font-size: 14px;\"><br></span></font></p><p style=\"margin-top: 15px; font-size: 12px;\"><font color=\"#424242\" face=\"Roboto\"><img src=\"http://asean-bac.org/images/AEM%20Dialogue2_resize.jpg\" border=\"0\" alt=\"\" style=\"width: 100%;\"></font></p><p style=\"margin-top: 15px; font-size: 12px;\"><font color=\"#424242\" face=\"Roboto\"><span style=\"font-size: 14px;\"><br></span></font></p><p style=\"margin-top: 15px; font-size: 12px;\"><font color=\"#424242\" face=\"Roboto\"><span style=\"font-size: 14px;\">Witnessed by ASEAN Economic Ministers, the Philippine President Rodrigo Roa Duterte graced the event and gave a speech urging the ASEAN nations and business leaders to embrace MSMEs. “The ASEAN Business Advisory Council has been instrumental in realizing our common aspiration of serving the growth of our people. I call on entrepreneurs to follow their examples to become beacons of innovation for poverty eradication and economic development. We also challenge those who have achieved success to embrace the MSMEs.”</span></font></p><p style=\"margin-top: 15px; font-size: 12px;\"><font color=\"#424242\" face=\"Roboto\"><span style=\"font-size: 14px;\">On 7</span><sup><span style=\"font-size: 14px;\">th</span></sup><span style=\"font-size: 14px;\">&nbsp;September 2017, ASEAN-BAC spent the whole day met several </span><span style=\"font-size: 14px;\" class=\"\">partner-organisations</span><span style=\"font-size: 14px;\"> and hear updates from their end. Tan Sri Dr. Rebecca Sta Maria (ERIA) talks about their latest study on NTM/NTB, Adeline Kamal (AHA Centre) talks about private sector’s disaster relief management, David Catty (ASEAN New Zealand Business Council) talks about partnership opportunities between ASEAN and New Zealand, and Paul Gwee (ASEAN Bankers Association) talks on banking industry’s recent development, are amongst the guests’ presenters on the 72</span><sup><span style=\"font-size: 14px;\">nd</span></sup><span style=\"font-size: 14px;\">&nbsp;ASEAN-BAC Meeting and related meetings.</span></font></p><p style=\"margin-top: 15px; font-size: 12px;\"><font color=\"#424242\" face=\"Roboto\"><span style=\"font-size: 14px;\">As part of its mandate, ASEAN-BAC </span><span style=\"font-size: 14px;\">have</span><span style=\"font-size: 14px;\"> the honor to meet with the ASEAN Economic Ministers over a working dinner to </span><span style=\"font-size: 14px;\">submited</span><span style=\"font-size: 14px;\"> their policy recommendations which are focusing on 3M (Mentorship, Money, and </span><span style=\"font-size: 14px;\">Market),</span><span style=\"font-size: 14px;\"> and digital economy.</span></font></p><p style=\"margin-top: 15px; font-size: 12px;\"><font color=\"#424242\" face=\"Roboto\"><span style=\"font-size: 14px;\"><br></span></font></p><p style=\"margin-top: 15px; font-size: 12px;\"><font color=\"#424242\" face=\"Roboto\"><img src=\"http://asean-bac.org/images/AEM%20Dialogue.jpg\" border=\"0\" alt=\"\" style=\"width: 100%;\"></font></p><p style=\"margin-top: 15px; font-size: 12px;\"><font color=\"#424242\" face=\"Roboto\"><span style=\"font-size: 14px;\">A day before, right before the ABA Gala Night, ASEAN-BAC also held the 10</span><sup><span style=\"font-size: 14px;\">th</span></sup><span style=\"font-size: 14px;\">&nbsp;Joint Business Consultation with ASEAN+1 Business Councils and Associations &amp; Sector Champions Meetings, which attended by business councils and </span><span style=\"font-size: 14px;\">organisations</span><span style=\"font-size: 14px;\"> such as US-ASEAN Business Council, EU-ASEAN Business Council, ASEAN Women Entrepreneurs Network (AWEN), and </span><span style=\"font-size: 14px;\">many</span><span style=\"font-size: 14px;\"> more.</span></font></p><p style=\"margin-top: 15px; font-size: 12px;\"><strong><font color=\"#424242\" face=\"Roboto\"><span style=\"font-size: 14px;\">ASEAN Business and Investment Summit</span></font></strong></p><p style=\"margin-top: 15px; font-size: 12px;\"><font color=\"#424242\" face=\"Roboto\"><span style=\"font-size: 14px;\">Since the Leaders of ASEAN established it in 2003, the Business Council has been active in promoting public-private sector partnership to assist the integration of an ASEAN Economic Community (AEC). The ASEAN Business and Investment Summit (ASEAN-BIS) is </span><span style=\"font-size: 14px;\">organised</span><span style=\"font-size: 14px;\"> by the ASEAN BAC, as the avenue to promote public and private sector partnership in the region.&nbsp; Annually, the congregation on average attracted a total of 700 to 1000 delegates who are prominent dignitaries, regional and global businessmen, academicians and policy-makers generating mainly from </span><span style=\"font-size: 14px;\">ASEAN Member States</span><span style=\"font-size: 14px;\">, Dialogue Partners and the rest of the world. In 2017, the Council plans to have their ASEAN-BIS in Manila on 12-13 November, in conjunction with 31</span><sup><span style=\"font-size: 14px;\">st</span></sup><span style=\"font-size: 14px;\">&nbsp;ASEAN Summit.</span></font></p><p style=\"margin-top: 15px; font-size: 12px;\"><strong><font color=\"#424242\" face=\"Roboto\"><span style=\"font-size: 14px;\">&nbsp;</span></font></strong></p><p style=\"margin-top: 15px; font-size: 12px;\"><strong><font color=\"#424242\" face=\"Roboto\"><span style=\"font-size: 14px;\">ASEAN Business Awards</span></font></strong></p><p style=\"margin-top: 15px; font-size: 12px;\"><font color=\"#424242\" face=\"Roboto\"><span style=\"font-size: 14px;\">Since its establishment by ASEAN Leaders in 2003, the ASEAN Business Advisory Council (ASEAN-BAC) has been active in promoting public-private sector partnership and consultation to assist the integration of an ASEAN Economic Community (AEC). In its efforts to bridge ASEAN Governments with their private sector, the Council launched the ASEAN Business Awards (ABA) in 2007 to give recognition to companies that have contributed to the growth and prosperity of the ASEAN economy.</span></font></p><p style=\"margin-top: 15px; font-size: 12px;\"><font color=\"#424242\" face=\"Roboto\"><span style=\"font-size: 14px;\">Since they were first launched in 2007, ABA </span><span style=\"font-size: 14px;\">have</span><span style=\"font-size: 14px;\"> rewarded more than 100 companies throughout the region that </span><span style=\"font-size: 14px;\">excel</span><span style=\"font-size: 14px;\"> in categories such as Growth, Employment, Innovation and Corporate Social Responsibility (CSR). Following the success of ABA 2015, ASEAN-BAC expanded categories in 2016 to include the Priority Integration Sectors (PIS), as well as </span><span style=\"font-size: 14px;\">recognising</span><span style=\"font-size: 14px;\"> outstanding young entrepreneurs, women entrepreneurs and leaders. Finally, to acknowledge the contribution of non-ASEAN companies in the development the </span><span style=\"font-size: 14px;\">region</span><span style=\"font-size: 14px;\"> economies, it also created an award for ‘Friends of ASEAN’.</span></font></p><p style=\"margin-top: 15px; font-size: 12px;\"><strong><font color=\"#424242\" face=\"Roboto\"><span style=\"font-size: 14px;\">&nbsp;</span></font></strong></p><p style=\"margin-top: 15px; font-size: 12px;\"><strong><font color=\"#424242\" face=\"Roboto\"><span style=\"font-size: 14px;\">ASEAN BAC Secretariat</span></font></strong></p><p style=\"margin-top: 15px; font-size: 12px;\"><font color=\"#424242\" face=\"Roboto\"><span style=\"font-size: 14px;\">70 A, Jl. Sisingamangaraja</span></font></p><p style=\"margin-top: 15px; font-size: 12px;\"><font color=\"#424242\" face=\"Roboto\"><span style=\"font-size: 14px;\">Jakarta 12110, Indonesia</span></font></p><p style=\"margin-top: 15px; font-size: 12px;\"><font color=\"#424242\" face=\"Roboto\"><span style=\"font-size: 14px;\">T: + 6221 726 2991 ext 491 | 722 0705 (DL)</span></font></p><p style=\"margin-top: 15px; font-size: 12px;\"><font color=\"#424242\" face=\"Roboto\"><span style=\"font-size: 14px;\">W: www.asean-bac.org &nbsp;&nbsp;&nbsp;&nbsp;&nbsp;&nbsp;&nbsp;&nbsp;&nbsp;&nbsp;&nbsp;&nbsp;&nbsp;&nbsp;&nbsp;&nbsp;&nbsp;&nbsp;&nbsp;&nbsp;&nbsp;&nbsp;&nbsp;&nbsp;&nbsp;&nbsp;&nbsp;&nbsp;&nbsp;&nbsp;&nbsp;&nbsp;&nbsp;&nbsp;&nbsp;&nbsp;&nbsp;&nbsp;&nbsp;&nbsp;&nbsp;&nbsp;&nbsp;&nbsp;&nbsp;&nbsp;&nbsp;</span></font></p><p style=\"margin-top: 15px; font-size: 12px;\"><font color=\"#424242\" face=\"Roboto\"><span style=\"font-size: 14px;\">E:&nbsp;</span><span id=\"cloak63753\" style=\"font-size: 14px;\"><a href=\"mailto:secretariat@asean-bac.org\" style=\"\">secretariat@asean-bac.org</a></span><span style=\"font-size: 14px;\">&nbsp;</span><a href=\"mailto:%3Cspan%20id=\" cloak76397\"=\"\" style=\"\"><span style=\"font-size: 14px;\">This email address is being protected from spambots. You need JavaScript enabled to view it.\"&gt;</span></a></font></p><p><br></p>','storage/news','http://abac.highlysucceed.com/storage/news/20171012','txBc9wcbnSjqqZYciHvW101220170135.jpg','2017-10-12 13:14:36','2017-10-12 13:14:36',NULL),
(3,'ASEAN BUSINESS ADVISORY COUNCIL HONORS ASEAN ECONOMIC MINISTERS','ASEAN BAC - Admin','yes','<p style=\"font-family: Nobile; font-size: 12px; background-color: rgb(247, 247, 249);\"><font color=\"#424242\"></font></p><p style=\"margin-top: 15px; font-size: 12px;\"><font color=\"#424242\" style=\"\" face=\"Roboto\"><span style=\"font-size: 14px;\"> </span></font></p><p style=\"margin-top: 15px; font-size: 12px;\"><font color=\"#424242\" face=\"Roboto\"><img src=\"http://asean-bac.org/images/ABA%20PPR%207x40%20PhilStar%20v2_Resize.jpg\" border=\"0\" alt=\"\" style=\"width: 100%;\"></font></p><p style=\"margin-top: 15px; font-size: 12px;\"><font color=\"#424242\" face=\"Roboto\"><strong><span style=\"font-size: 14px;\">FOR INFORMATION</span><br></strong><br><span style=\"text-decoration-line: underline; font-size: 14px;\"><b>SME EXCELLENCE AWARDS WINNERS</b></span></font></p><ul style=\"margin: 15px 0px; padding-left: 30px; font-size: 12px;\"><li><font color=\"#424242\" face=\"Roboto\"><span style=\"font-size: 14px;\">GROWTH: Kunna Groceries Co. Ltd. with Nasha Jungkankul (THAILAND);</span></font></li><li><font color=\"#424242\" face=\"Roboto\"><span style=\"font-size: 14px;\">CORPORATE SOCIAL RESPONSIBILITY:  Lamoiyan Corporation with Cecilio Pedro (PHILIPPINES)</span></font></li><li><font color=\"#424242\" face=\"Roboto\"><span style=\"font-size: 14px;\">EMPLOYMENT:  Zico Holdings Inc. with Dato Jasudasen Thambynathan (SINGAPORE);</span></font></li><li><font color=\"#424242\" face=\"Roboto\"><span style=\"font-size: 14px;\">INNOVATION: FAME Pharmaceuticals Industry Company Limited with Dr. Khin Maung Lwin (MYANMAR);</span></font></li></ul><p style=\"margin-top: 15px; font-size: 12px;\"><span style=\"text-decoration-line: underline; font-size: 14px;\"><font color=\"#424242\" face=\"Roboto\"><b><br></b></font></span></p><p style=\"margin-top: 15px; font-size: 12px;\"><span style=\"text-decoration-line: underline; font-size: 14px;\"><font color=\"#424242\" face=\"Roboto\"><b>YOUNG ENTREPRENEUR AWARD WINNER</b></font></span></p><p style=\"margin-top: 15px; font-size: 12px;\"><font color=\"#424242\" face=\"Roboto\"><span style=\"font-size: 14px;\">Dennis Uy of Udenna Corporation (PHILIPPINES)</span></font></p><p style=\"margin-top: 15px; font-size: 12px;\"><font color=\"#424242\" face=\"Roboto\"><span style=\"font-size: 14px;\"> </span></font></p><p style=\"margin-top: 15px; font-size: 12px;\"><span style=\"text-decoration-line: underline; font-size: 14px;\"><font color=\"#424242\" face=\"Roboto\"><b>WOMEN ENTREPRENEUR AWARD WINNER</b></font></span></p><p style=\"margin-top: 15px; font-size: 12px;\"><font color=\"#424242\" face=\"Roboto\"><span style=\"font-size: 14px;\">Sirina Sisombat-Hervy of Sinouk Coffee (LAOS)</span></font></p><p style=\"margin-top: 15px; font-size: 12px;\"><font color=\"#424242\" face=\"Roboto\"><span style=\"font-size: 14px;\"> </span></font></p><p style=\"margin-top: 15px; font-size: 12px;\"><span style=\"text-decoration-line: underline; font-size: 14px;\"><font color=\"#424242\" face=\"Roboto\"><b>INCLUSIVE BUSINESS AWARD WINNER</b></font></span></p><p style=\"margin-top: 15px; font-size: 12px;\"><font color=\"#424242\" face=\"Roboto\"><span style=\"font-size: 14px;\">Teodoro Ferrer and Jaime Augusto Zobel de Ayala of Erikagen Inc. (PHILIPPINES)</span></font></p><p style=\"margin-top: 15px; font-size: 12px;\"><font color=\"#424242\" face=\"Roboto\"><span style=\"font-size: 14px;\"> </span></font></p><p style=\"margin-top: 15px; font-size: 12px;\"><span style=\"text-decoration-line: underline; font-size: 14px;\"><font color=\"#424242\" face=\"Roboto\"><b>FRIENDS OF ASEAN WINNERS</b></font></span></p><ul style=\"margin: 15px 0px; padding-left: 30px; font-size: 12px;\"><li><font color=\"#424242\" face=\"Roboto\"><span style=\"font-size: 14px;\">Australia and New Zealand Banking Group Ltd. – Philippine Branch, with Anna Green (AUSTRALIA);</span></font></li><li><font color=\"#424242\" face=\"Roboto\"><span style=\"font-size: 14px;\">Prudential Corporation Asia, with Nicolaos Nicolandrou (HONG KONG); and</span></font></li><li><font color=\"#424242\" face=\"Roboto\"><span style=\"font-size: 14px;\">Robert Bosch (SEA) Pte Ltd., with Martin Hayes (GERMANY).</span></font></li></ul><p style=\"margin-top: 15px; font-size: 12px;\"><font color=\"#424242\" face=\"Roboto\"><span style=\"font-size: 14px;\"> </span></font></p><p style=\"margin-top: 15px; font-size: 12px;\"><span style=\"text-decoration-line: underline; font-size: 14px;\"><font color=\"#424242\" face=\"Roboto\"><b>GREEN TECHNOLOGY AWARD WINNER</b></font></span></p><p style=\"margin-top: 15px; font-size: 12px;\">        <font color=\"#424242\" face=\"Roboto\"><span style=\"font-size: 14px;\">Imperial Homes Corporation, Emma Imperial (PHILIPPINES)</span></font></p><p style=\"margin-top: 15px; font-size: 12px;\"><font color=\"#424242\" face=\"Roboto\"><span style=\"font-size: 14px;\"> </span></font></p><p style=\"margin-top: 15px; font-size: 12px;\"><span style=\"text-decoration-line: underline; font-size: 14px;\"><font color=\"#424242\" face=\"Roboto\"><b>MOST PROMISING AWARD WINNERS</b></font></span></p><ul style=\"margin: 15px 0px; padding-left: 30px; font-size: 12px;\"><li><font color=\"#424242\" face=\"Roboto\"><span style=\"font-size: 14px;\">Printmartz Advertising, Adrian Tan Vui Shung (BRUNEI);</span></font></li><li><font color=\"#424242\" face=\"Roboto\"><span style=\"font-size: 14px;\">Wing Ltd. Specialised Bank, Jojo Malolos (CAMBODIA);</span></font></li><li><font color=\"#424242\" face=\"Roboto\"><span style=\"font-size: 14px;\">Phouvong Jewelry, Phouvong Phamisith (LAOS);</span></font></li><li><font color=\"#424242\" face=\"Roboto\"><span style=\"font-size: 14px;\">Myanmar ComBiz Trading Co., Aung Soe Tha (MYANMAR); and</span></font></li><li><font color=\"#424242\" face=\"Roboto\"><span style=\"font-size: 14px;\">Nghia Nippers Corporation, Thi Thu Huang Nguyen (VIETNAM).</span></font></li></ul><p style=\"margin-top: 15px; font-size: 12px;\"><font color=\"#424242\" face=\"Roboto\"><span style=\"font-size: 14px;\"> </span></font></p><p style=\"margin-top: 15px; font-size: 12px;\"><span style=\"text-decoration-line: underline; font-size: 14px;\"><font color=\"#424242\" face=\"Roboto\"><b>PRIORITY INTEGRATION SECTOR EXCELLENCE AWARDS WINNERS</b></font></span></p><ul style=\"margin: 15px 0px; padding-left: 30px; font-size: 12px;\"><li><font color=\"#424242\" face=\"Roboto\"><span style=\"font-size: 14px;\">e-ASEAN: DeClout Limited, Kok Khun Wong (SINGAPORE);</span></font></li><li><font color=\"#424242\" face=\"Roboto\"><span style=\"font-size: 14px;\">LOGISTICS: Asian Marine Transport Corp., Paul Rodriguez (PHILIPPINES);</span></font></li><li><font color=\"#424242\" face=\"Roboto\"><span style=\"font-size: 14px;\">WOOD-BASED: Nature’s Legacy Eximport, Pedro Delantar (PHILIPPINES);</span></font></li><li><font color=\"#424242\" face=\"Roboto\"><span style=\"font-size: 14px;\">RUBBER: Kossan Rubber Industries, Kuang Sia Lim (MALAYSIA);</span></font></li><li><font color=\"#424242\" face=\"Roboto\"><span style=\"font-size: 14px;\">AGRI FOOD</span><span style=\"font-size: 14px;\">: Destileria Limtuaco & Co., Olivia Limpe-Aw (PHILIPPINES);</span></font></li><li><font color=\"#424242\" face=\"Roboto\"><span style=\"font-size: 14px;\">HEALTHCARE</span><span style=\"font-size: 14px;\">: PT Kalbe Farma, Vidjongtius (INDONESIA);</span></font></li><li><font color=\"#424242\" face=\"Roboto\"><span style=\"font-size: 14px;\">TOURISM: Air Asia, Tony Fernandes (MALAYSIA); and</span></font></li><li><font color=\"#424242\" face=\"Roboto\"><span style=\"font-size: 14px;\">RETAIL: Golden ABC, Bernie Liu (PHILIPPINES).</span></font></li></ul><p style=\"margin-top: 15px; font-size: 12px;\"><font color=\"#424242\" face=\"Roboto\"><span style=\"font-size: 14px;\"> </span></font></p><p style=\"margin-top: 15px; font-size: 12px;\"><span style=\"text-decoration-line: underline; font-size: 14px;\"><font color=\"#424242\" face=\"Roboto\"><b>LEGACY AWARD WINNERS</b></font></span></p><ul style=\"margin: 15px 0px 0px; padding-left: 30px; font-size: 12px;\"><li style=\"\"><font color=\"#424242\" face=\"Roboto\"><span style=\"font-size: 14px;\">Haji Musa Bin Hj </span><span style=\"font-size: 14px;\">Adnin</span><span style=\"font-size: 14px;\">, Adinin Group of Companies (BRUNEI);</span></font></li><li style=\"\"><font color=\"#424242\" face=\"Roboto\"><span style=\"font-size: 14px;\">Dr. (H.C.) Sudhamek AWS, GarudaFood (INDONESIA);</span></font></li><li style=\"\"><font color=\"#424242\" face=\"Roboto\"><span style=\"font-size: 14px;\">Rattana Prathoumvan, EDL Generation Public Company (LAOS);</span></font></li><li style=\"\"><font color=\"#424242\" face=\"Roboto\"><span style=\"font-size: 14px;\">Goh Peng Ooi, Silverlake Axis Limited (MALAYSIA);</span></font></li><li style=\"\"><font color=\"#424242\" face=\"Roboto\"><span style=\"font-size: 14px;\">Aung Ko Win, Kanbawza Bank (MYANMAR);</span></font></li><li style=\"\"><font color=\"#424242\" face=\"Roboto\"><span style=\"font-size: 14px;\">John Gokongwei Jr., JG Summit Holdings Inc. (PHILIPPINES).</span></font></li><li style=\"\"><font color=\"#424242\" face=\"Roboto\"><span style=\"font-size: 14px;\">Wee Cho Yaw, United Overseas Bank (SINGAPORE); and</span></font></li><li style=\"\"><font color=\"#424242\" face=\"Roboto\"><span style=\"font-size: 14px;\">Sakchai Unchittikul, Srichiengmai Industry Company (THAILAND);</span></font></li><li style=\"\"><font color=\"#424242\" style=\"\" face=\"Roboto\"><span style=\"font-size: 14px;\">Le Thu Thuy, BRG Group, (VIETNAM)</span></font></li></ul>','storage/news','http://abac.highlysucceed.com/storage/news/20171012','wKx1vCjKpmMnSxrqB7Ss101220170156.jpg','2017-10-12 13:18:56','2017-10-12 13:31:12',NULL),
(4,'NYU Stern Executive Education to Host SRW&Co.’s ASEAN Global Leadership Program (AGLP) in NYC','ASEAN BAC - Admin','no','<p style=\"font-size: 12px;\"><font color=\"#424242\" style=\"\" face=\"Roboto\"><span style=\"font-size: 14px;\"><b>New York, NY, August 22, 2017</b>: The ASEAN region plays a critical role in driving growth in the global economy. To develop and inspire today’s global leaders, NYU Stern Executive Education welcomes regional management consulting firm SRW&amp;Co. for their ASEAN Global Leadership Program (AGLP), hosted from April 16 - April 20, 2018.</span></font></p><p style=\"margin-top: 15px; font-size: 12px;\"><font color=\"#424242\" face=\"Roboto\"><span style=\"font-size: 14px;\">Since 2009, SRW&amp;Co.’s ASEAN Global Leadership Program has been held annually at several top business schools in the U.K., </span><span style=\"font-size: 14px;\">China</span><span style=\"font-size: 14px;\"> and the US. Serving as the 2018 host, NYU Stern brings the program to New York City for the very first time.</span></font></p><p style=\"margin-top: 15px; font-size: 12px;\"><font color=\"#424242\" face=\"Roboto\"><span style=\"font-size: 14px;\">Designed for corporate and public sector executives from a wide range of ASEAN organizations across industries, the weeklong program will explore four main themes: Globalization, Innovation, </span><span style=\"font-size: 14px;\">Entrepreneurship</span><span style=\"font-size: 14px;\"> and Leadership.</span></font></p><p style=\"margin-top: 15px; font-size: 12px;\"><font color=\"#424242\" face=\"Roboto\"><span style=\"font-size: 14px;\">“New York City is an epicenter of global business and a thriving hub of innovation that companies from multinationals to technology firms to </span><span style=\"font-size: 14px;\">start ups</span><span style=\"font-size: 14px;\"> call home,” says Peter Henry, dean of NYU Stern. “Given our proximity, our faculty are in constant conversation with the business community and will bring the latest insights around </span><span style=\"font-size: 14px;\" class=\"\">globalbusiness</span><span style=\"font-size: 14px;\"> leadership and innovation to this year’s course for AGLP participants.”</span></font></p><p style=\"margin-top: 15px; font-size: 12px;\"><font color=\"#424242\" face=\"Roboto\"><span style=\"font-size: 14px;\">“NYU Stern’s Executive Education programs are committed to the belief that a global approach to education is integral for today\'s business leaders,” explains Eitan Zemel, vice dean of global and executive education at NYU Stern. “We are honored to work with SRW&amp;Co. and to welcome AGLP participants to our campus, where they will have access to some of our most celebrated faculty and participate in stimulating conversation on key topics for both the ASEAN region and the global economy.”</span></font></p><p style=\"margin-top: 15px; font-size: 12px;\"><font color=\"#424242\" face=\"Roboto\"><em style=\"\"><span style=\"font-size: 14px;\">Global business leadership and innovation come to life</span></em><br><span style=\"font-size: 14px;\">“Our program aims to foster deep, collaborative conversation with some of NYU Stern’s most notable faculty,” says Naomi Diamant, program co-director and assistant dean of NYU Stern Global Programs. “Our hands-on classroom sessions, including conversations with local entrepreneurs and company visits to a startup technology firm and financial institutions, are immediately applicable to business and reflect today’s fast-paced market,” explains Luke Williams, program co-director and executive director of NYU Stern’s W. R. Berkley Innovation Labs.</span></font></p><p style=\"margin-top: 15px; font-size: 12px;\"><font color=\"#424242\" face=\"Roboto\"><span style=\"font-size: 14px;\">Daniel Wong, chairman and partner of SRW&amp;Co., says: “We are delighted to collaborate with NYU Stern, a world-renowned business school, to offer our clients a custom program designed for business leaders faced with exciting opportunities as well as challenges related to doing business in the ASEAN region.”</span></font></p><p style=\"margin-top: 15px; font-size: 12px;\"><font color=\"#424242\" face=\"Roboto\"><span style=\"font-size: 14px;\">As per of the ASEAN-BAC partnership with SRW&amp;Co, to provide </span><span style=\"font-size: 14px;\">scholarship</span><span style=\"font-size: 14px;\"> for selected ASEAN Business Awards winners. the selected winners will obtain </span><span style=\"font-size: 14px;\">scholarship</span><span style=\"font-size: 14px;\"> to attend the AGLP program in NYU.&nbsp;</span></font></p><p style=\"margin-top: 15px; font-size: 12px;\"><font color=\"#424242\" face=\"Roboto\"><span style=\"font-size: 14px;\"><b>About New York University Stern School of Business</b></span><br><span style=\"font-size: 14px;\">New York University Stern School of Business, located in the heart of Greenwich Village, is one of the nation’s premier management education schools and research centers. NYU Stern, whose faculty includes three Nobel Laureates in Economics, offers a broad portfolio of programs at the graduate and undergraduate levels, all of them enriched by the dynamism, energy and deep resources of one of the world’s business capitals. Visit www.stern.nyu.edu and follow NYU Stern on Twitter: @NYUStern.</span></font></p><p style=\"margin-top: 15px; font-size: 12px;\"><font color=\"#424242\" face=\"Roboto\"><span style=\"font-size: 14px;\"><b>About SRW&amp;Co.</b></span><br><span style=\"font-size: 14px;\">SRW&amp;Co. is a regional management consulting firm providing specialist services in designing and implementing a full range of integrated people management and development solutions. We also work in partnership with our global business school partners to design and deliver our flagship ASEAN Global Leadership Programs and also custom leadership development programs for our clients. Visit www.srwasia.com and follow SRW&amp;Co. on Twitter: @SRWCo.</span></font></p><p style=\"margin-top: 15px; font-size: 12px;\"><a href=\"https://youtu.be/qTM3XtTwAc0\" style=\"\"><font color=\"#424242\" face=\"Roboto\"><span style=\"font-size: 14px;\">https://youtu.be/qTM3XtTwAc0</span></font></a></p><p style=\"margin-top: 15px; font-size: 12px;\"><span style=\"font-size: 14px;\"><font color=\"#424242\" face=\"Roboto\">Contacts: Jessica Neville, NYU Stern Public Affairs</font></span></p><p style=\"margin-top: 15px; font-size: 12px;\"><font color=\"#424242\" face=\"Roboto\"><span id=\"cloak72449\" style=\"font-size: 14px;\"><a href=\"mailto:jneville@stern.nyu.edu\" style=\"\">jneville@stern.nyu.edu</a></span><span style=\"font-size: 14px;\">, 416-516-7677</span></font></p><p style=\"margin-top: 15px; font-size: 12px;\"><font color=\"#424242\" face=\"Roboto\"><span style=\"font-size: 14px;\">Carolyn Ritter, NYU Stern Public Affairs</span><br><span id=\"cloak22863\" style=\"font-size: 14px;\"><a href=\"mailto:critter@stern.nyu.edu\" style=\"\">critter@stern.nyu.edu</a></span><span style=\"font-size: 14px;\">, 212-998-0624</span></font></p><p style=\"margin-top: 15px; font-size: 12px;\"><font color=\"#424242\" face=\"Roboto\"><span style=\"font-size: 14px;\">Winda Marliana, SRW&amp;Co.&nbsp;</span><span id=\"cloak62447\" style=\"font-size: 14px;\"><a href=\"mailto:winda_marliana@srwasia.com\" style=\"\">winda_marliana@srwasia.com</a></span><span style=\"font-size: 14px;\">, +62-813-8468-3340</span></font></p><p style=\"margin-top: 15px; font-size: 12px;\"><font color=\"#424242\" face=\"Roboto\"><b><span style=\"font-size: 14px;\">Other </span><span style=\"font-size: 14px;\" class=\"\">related</span><span style=\"font-size: 14px;\"> Articles:&nbsp;</span></b></font></p><p style=\"margin-top: 15px; font-size: 12px;\"><a href=\"http://www.stern.nyu.edu/experience-stern/news-events/nyu-stern-exec-ed-to-host-global-leadership-program-in-nyc\" style=\"\"><font color=\"#424242\" face=\"Roboto\"><span style=\"font-size: 14px;\">http://www.stern.nyu.edu/experience-stern/news-events/nyu-stern-exec-ed-to-host-global-leadership-program-in-nyc</span></font></a></p><p style=\"margin-top: 15px; font-size: 12px;\"><a href=\"http://jakartaglobe.id/international/asean-global-leadership-program-held-nyu-stern/\" style=\"\"><font color=\"#424242\" face=\"Roboto\"><span style=\"font-size: 14px;\">http://jakartaglobe.id/international/asean-global-leadership-program-held-nyu-stern/</span></font></a></p><p style=\"margin-top: 15px; font-size: 12px;\"><a href=\"https://m.id.investing.com/news/world-news/srwco-provide-scholarship-to-asean-business-awards-winners-365633\" style=\"\"><font color=\"#424242\" face=\"Roboto\"><span style=\"font-size: 14px;\">https://m.id.investing.com/news/world-news/srwco-provide-scholarship-to-asean-business-awards-winners-365633</span></font></a></p><p style=\"margin-top: 15px; font-size: 12px;\"><a href=\"http://m.wartaekonomi.co.id/berita152779/srwco-provide-scholarship-to-asean-business-awards-winners.html\" style=\"outline-style: none; outline-width: initial;\"><font color=\"#424242\" style=\"\" face=\"Roboto\"><span style=\"font-size: 14px;\">http://m.wartaekonomi.co.id/berita152779/srwco-provide-scholarship-to-</span><span style=\"font-size: 14px;\">asean</span><span style=\"font-size: 14px;\">-business-awards-winners.html</span></font></a></p>','storage/news','http://abac.highlysucceed.com/storage/news/20171012','2oFt1bSbaNbRfu2h0PTm101220170145.jpg','2017-10-12 13:23:45','2017-10-12 13:23:45',NULL),
(5,'AWEN (ASEAN Women Entrepreneurs Network) and its role in ASEAN','ASEAN BAC - Admin','no','<p style=\"font-size: 12px;\"><font color=\"#424242\" style=\"\" face=\"Roboto\"><span style=\"font-size: 14px;\">By Pacita U. Juan</span></font></p><p style=\"margin-top: 15px; font-size: 12px;\"><font color=\"#424242\" style=\"\" face=\"Roboto\"><span style=\"font-size: 14px;\">It is a tall order to gather the needs of over 300 million women in ASEAN so that policy changes may be suggested to </span><span style=\"font-size: 14px;\">policy makers</span><span style=\"font-size: 14px;\"> in the 10-member states.</span></font></p><p style=\"margin-top: 15px; font-size: 12px;\"><font color=\"#424242\" face=\"Roboto\"><span style=\"font-size: 14px;\">But in 2014, an excellent idea was proposed to create a network </span><span style=\"font-size: 14px;\">among</span><span style=\"font-size: 14px;\"> the women organizations in the private sector as well as endorsements from women’s ministries and agencies. This was the creation of the ASEAN Women Entrepreneurs Network (AWEN) by the ASEAN Committee on Women (ACW), thus making the network a true daughter of the regional group.</span></font></p><p style=\"margin-top: 15px; font-size: 12px;\"><font color=\"#424242\" face=\"Roboto\"><span style=\"font-size: 14px;\">AWEN is composed of 10 focal points — what the persons representing each member state is called. The Focal Points (FP) are from prime women business organizations, chosen by the Ministry of Women or its equivalent and are tasked to deliver issues to AWEN and take back possible policy solutions to their constituents. Policy changes affecting women in business are supported by AWEN’s collaboration with the other private sector group called ASEAN-Business Advisory Council (ASEAN-BAC). The agency is interested in supporting AWEN and has already invited AWEN to take a seat in its Joint Business Councils (JBC). This interesting development allows the women agenda to be discussed among many business councils of dialogue partners and makes possible the inclusion of women’s interests in all business discussions. The ASEAN BAC represents the big business groups while AWEN may be representing the MSMEs.</span></font></p><p style=\"margin-top: 15px; font-size: 12px;\"><font color=\"#424242\" face=\"Roboto\"><span style=\"font-size: 14px;\">AWEN went through some challenges in choosing the private organizations to be consulted in each member state. Most countries had more than one women’s organization. This made it difficult to choose one over the other in the spirit of true representation. During the chairmanship of the Philippines (2016-2018), we championed an idea to create an umbrella group or organization called </span><span style=\"font-size: 14px;\">Philwen</span><span style=\"font-size: 14px;\">.</span></font></p><p style=\"margin-top: 15px; font-size: 12px;\"><font color=\"#424242\" face=\"Roboto\"><span style=\"font-size: 14px;\">Soon Thailand followed suit with AWEN Thailand. And just recently Cambodia is in the process of creating Cambodia AWEN. Myanmar is also on the way to achieving this unification among its women groups. It is our hope that the other countries soon follow to make AWEN truly representative of Asean’s 300 million plus female population.</span></font></p><p style=\"margin-top: 15px; font-size: 12px;\"><font color=\"#424242\" face=\"Roboto\"><span style=\"font-size: 14px;\">The other advantage of having just one network for ASEAN women is in connecting with the rest of the world. Already India’s FICCI-FLO or FICCI Ladies Organization (the women chapter of the 90-year-old Federation of Indian Chambers of Commerce) invited us to be represented in the Delhi Dialogue which desires to connect to businesses in ASEAN.</span></font></p><p style=\"margin-top: 15px; font-size: 12px;\"><font color=\"#424242\" face=\"Roboto\"><span style=\"font-size: 14px;\">In September, the rest of South Asia — a group called the South Asian Women Development Forum (SAWDF) has invited AWEN members as speakers and as delegates in the first forum to be held in Kathmandu, Nepal.</span></font></p><p style=\"margin-top: 15px; font-size: 12px;\"><font color=\"#424242\" face=\"Roboto\"><span style=\"font-size: 14px;\">And ASEAN is moving along as it celebrates its 50th year and with the Philippines as </span><span style=\"font-size: 14px;\">host</span><span style=\"font-size: 14px;\"> country. ASEAN officials now have recognized that women’s issues need to be included in economic discussions with economic ministers and later with the leaders, of course.</span></font></p><p style=\"margin-top: 15px; font-size: 12px;\"><font color=\"#424242\" face=\"Roboto\"><span style=\"font-size: 14px;\">Also in September, AWEN is invited to connect with businesswomen of Ulaanbaatar, Mongolia. The possibilities keep coming our way because the time has come for women to claim their place and influence the laws that will benefit women-owned enterprises, women </span><span style=\"font-size: 14px;\">workers</span><span style=\"font-size: 14px;\"> and female executives.</span></font></p><p style=\"margin-top: 15px; font-size: 12px;\"><font color=\"#424242\" face=\"Roboto\"><span style=\"font-size: 14px;\">It is with pride that we celebrate AWEN’s fourth year with the 3rd AWEN Business awards for women and the conduct of the ASEAN women’s business conference this August in Manila since the Philippines is the host country for this year — ASEAN’s 50th anniversary. The women in the Philippines are known to be trailblazers both in the MSME sector as well as the corporate executive community. That said, the Philippines will make sure that policies proposed by AWEN members will be discussed at </span><span style=\"font-size: 14px;\">high level</span><span style=\"font-size: 14px;\"> official meetings. This will make all the member states adopt a resolution or a policy imperative to benefit women entrepreneurs throughout ASEAN.</span></font></p><p style=\"margin-top: 15px; font-size: 12px;\"><font color=\"#424242\" face=\"Roboto\"><span style=\"font-size: 14px;\">We hope to carry the suggestions forward to the ministers and leaders in the hope that women’s concerns may be addressed. The region-wide concerns will be addressed through policy changes and reforms that will benefit each woman entrepreneur who will affect the greater population of girls and women who number about 300 million in the 10 member states.</span></font></p><p style=\"margin-top: 15px; font-size: 12px;\"><font color=\"#424242\" face=\"Roboto\"><span style=\"font-size: 14px;\">AWEN may be the key to open the opportunities and fix the many challenges women face in simply doing business to make a living, to make a difference and to make ASEAN women internationally competitive and successful.</span></font></p><p style=\"margin-top: 15px; font-size: 12px;\"><font color=\"#424242\" face=\"Roboto\"><span style=\"font-size: 14px;\">For more information, you may e-mail </span><span id=\"cloak8121\" style=\"font-size: 14px;\"><a href=\"mailto:awen.asean@gmail.com\" style=\"\">awen.asean@gmail.com</a></span><span style=\"font-size: 14px;\"> or log on to www.awen-asean.org or find us on Facebook: AWEN-</span><span style=\"font-size: 14px;\">Asean</span><span style=\"font-size: 14px;\"> Women Entrepreneurs Network.</span></font></p><p style=\"margin-top: 15px; font-size: 12px;\"><font color=\"#424242\" face=\"Roboto\"><span style=\"font-size: 14px;\">The article reflects the personal opinion of the author and does not reflect the official stand of the Management Association of the Philippines or the MAP</span></font></p><p style=\"margin-top: 15px; font-size: 12px;\"><font color=\"#424242\" face=\"Roboto\"><span style=\"font-size: 14px;\">Pacita “Chit” U. Juan is the Chair of the Trade, Investments and Tourism Committee of the Management Association of the Philippines (MAP). She is the Chair of the ASEAN Women Entrepreneurs Network (AWEN); Chair of the Women’s Business Council of the Philippines (Womenbizph); and Founding Chair of the Women Corporate Directors PH chapter.</span></font></p><p style=\"margin-top: 15px; font-size: 12px;\"><font color=\"#424242\" face=\"Roboto\"><span style=\"font-size: 14px;\">You may reach her at</span></font></p><p style=\"margin-top: 15px; font-size: 12px;\"><font color=\"#424242\" face=\"Roboto\"><span style=\"font-size: 14px;\">Linked in: Pacita Juan</span></font></p><p style=\"margin-top: 15px; font-size: 12px;\"><font color=\"#424242\" face=\"Roboto\"><span style=\"font-size: 14px;\">or Twitter @chitjuan</span></font></p><p style=\"margin-top: 15px; font-size: 12px;\"><span id=\"cloak74222\" style=\"font-size: 14px;\"><a href=\"mailto:puj@echostore.ph\" style=\"\"><font color=\"#424242\" face=\"Roboto\">puj@echostore.ph</font></a></span></p><p style=\"margin-top: 15px; font-size: 12px;\"><span id=\"cloak9847\" style=\"font-size: 14px;\"><a href=\"mailto:admin@womenbiz.ph\" style=\"\"><font color=\"#424242\" face=\"Roboto\">admin@womenbiz.ph</font></a></span></p><p style=\"margin-top: 15px; font-size: 12px;\"><span id=\"cloak31567\" style=\"font-size: 14px;\"><a href=\"mailto:map@map.org.ph\" style=\"\"><font color=\"#424242\" face=\"Roboto\">map@map.org.ph</font></a></span></p><p style=\"margin-top: 15px; font-size: 12px;\"><font color=\"#424242\" face=\"Roboto\"><span style=\"font-size: 14px;\">http://map.org.ph</span></font></p><p style=\"margin-top: 15px; font-size: 12px;\"><font color=\"#424242\" face=\"Roboto\"><span style=\"font-size: 14px;\"> </span></font></p><p style=\"margin-top: 15px; margin-bottom: 0px; font-size: 12px;\"><font color=\"#424242\" style=\"\" face=\"Roboto\"><span style=\"font-size: 14px;\">Source: http://bworldonline.com/awen-role-asean/</span></font></p>','storage/news','http://abac.highlysucceed.com/storage/news/20171012','zlDIZE6B0luhYyLJhqkW101220170102.jpg','2017-10-12 13:28:03','2017-10-12 13:28:36',NULL),
(6,'Great Women ASEAN at PICC','ASEAN BAC - Admin','no','<p style=\"margin-top: 15px; color: rgb(119, 119, 119); font-size: 12px;\"><font face=\"Roboto\"><span style=\"font-size: 14px;\">In celebration of the weeklong ASEAN Women Entrepreneurs Network business </span><span style=\"font-size: 14px;\">meetings</span><span style=\"font-size: 14px;\"> a Trade showcase is also installed </span><span style=\"font-size: 14px;\">at</span><span style=\"font-size: 14px;\"> the Main Lobby of the Philippine International Convention Center (PICC) in Pasay City, Metro Manila.&nbsp;</span></font></p><p style=\"margin-top: 15px; color: rgb(119, 119, 119); font-size: 12px;\"><font face=\"Roboto\"><span style=\"font-size: 14px;\"><br></span></font></p><p style=\"margin-top: 15px; color: rgb(119, 119, 119); font-size: 12px;\"><font face=\"Roboto\"><img src=\"http://asean-bac.org/images/Great%20Women%202_resize.jpg\" border=\"0\" alt=\"\" style=\"width: 100%;\"></font></p><p style=\"margin-top: 15px; color: rgb(119, 119, 119); font-size: 12px;\"><font face=\"Roboto\"><span style=\"font-size: 14px;\"><br></span></font></p><p style=\"margin-top: 15px; color: rgb(119, 119, 119); font-size: 12px;\"><font face=\"Roboto\"><span style=\"font-size: 14px;\">The setting includes coffee and textiles and many gift items made by women entrepreneurs from the ASEAN countries Brunei, Cambodia, Indonesia, Thailand, Malaysia, Myanmar, </span><span style=\"font-size: 14px;\">Singapore</span><span style=\"font-size: 14px;\"> and Vietnam. The shopping opportunity was made possible with the help of USAID-ACTI, The Department of Trade and Industry CBIP, Canada and Philippine Commission on Women.  </span></font></p><p style=\"margin-top: 15px; color: rgb(119, 119, 119); font-size: 12px;\"><font face=\"Roboto\"><img src=\"http://asean-bac.org/images/Great%20Women%203_resize.jpg\" border=\"0\" alt=\"\" style=\"width: 100%;\"></font></p><p style=\"margin-top: 15px; margin-bottom: 0px; color: rgb(119, 119, 119); font-size: 12px;\"><font face=\"Roboto\"><span style=\"font-size: 14px;\">It\'s open to the public until </span><span style=\"font-size: 14px;\">Thursday</span><span style=\"font-size: 14px;\"> August 31.</span></font></p>','storage/news','http://abac.highlysucceed.com/storage/news/20171012','tEjjWZ3vkgAAfB3ueFwk101220170153.jpg','2017-10-12 13:38:53','2017-10-12 13:38:53',NULL),
(7,'ASEAN BUSINESS AWARDS REGIONAL DELIBERATIONS CONCLUDED','ASEAN BAC - Admin','yes','<div style=\"font-size: 12px;\"><p class=\"Subject\" style=\"margin-top: 15px;\"><font color=\"#636363\" style=\"\" face=\"Roboto\"><span style=\"font-size: 14px;\">MAKATI: August 15, 2017—The ASEAN Business Advisory Council recently concluded its hosting of the regional deliberations for the ASEAN Business Awards at the Dusit Thani Hotel. The judges coursed through 224 applications from across the ASEAN region to come up with the final list of 16 winners in the categories of SME Excellence Awards (Growth, CSR, </span><span style=\"font-size: 14px;\">Innovation</span><span style=\"font-size: 14px;\"> and Employment), Priority Integration Sectors Excellence Awards (Fisheries, Electronics, E-ASEAN ICT, Textiles, Logistics, Wood-based, Rubber, Agri-food, Healthcare, Tourism, Automotive, and Retail), Special Awards (Eco Green, Friends of </span><span style=\"font-size: 14px;\">Asean</span><span style=\"font-size: 14px;\">), Women Entrepreneur Award, Young Entrepreneur Award, and the two new categories of Legacy and Inclusive Business.</span></font></p></div><p class=\"Body\" style=\"margin-top: 15px; font-size: 12px;\"><font color=\"#636363\" face=\"Roboto\"><span style=\"font-size: 14px;\">&nbsp;</span></font></p><p class=\"Body\" style=\"margin-top: 15px; font-size: 12px;\"><font color=\"#636363\" face=\"Roboto\"><span style=\"font-size: 14px;\">The official </span><span style=\"font-size: 14px;\">judges</span><span style=\"font-size: 14px;\"> committee were composed of business leaders and enablers in their respective home countries. </span><span style=\"font-size: 14px;\">They</span><span style=\"font-size: 14px;\"> esteemed judges are Soon Loo (CEO, Brunei Economic Development Board), Kuy Vat (CEO, VTRUST Group), Dr. Agus Purwadianto (Professor Universitas Indonesia), Phosy </span><span style=\"font-size: 14px;\">Chanming</span><span style=\"font-size: 14px;\">, Assoc. Prof., Ph.D (Deputy Director of Research and Academic Service Office, National University of Laos), Prof. Datuk Marimuthu (President, Federation of Malaysian Consumers Association), Dr. Aung Thura (Executive Committee Member and Secretary, UMFCCI; Founder &amp; CEO, Thura Swiss), Tay Woon Teck (Managing Director, Risk Advisory, RSM), Dr. Suthad Setboonsarng (Independent Director), Dr. Pham Thi Thu Hang (Secretary General, Vietnam Chamber of Commerce and Industry), and the Philippines Committee Chair Marife Zamora (Chairperson, Convergys, Philippines; President, MAP).</span></font></p><p class=\"Body\" style=\"margin-top: 15px; font-size: 12px;\"><font color=\"#636363\" face=\"Roboto\"><span style=\"font-size: 14px;\">&nbsp;</span></font></p><p class=\"Body\" style=\"margin-top: 15px; font-size: 12px;\"><font color=\"#636363\" style=\"\" face=\"Roboto\"><span style=\"font-size: 14px;\">The decided upon winners of the prestigious ASEAN Business Awards will officially be awarded on September 6, </span><span style=\"font-size: 14px;\">2017</span><span style=\"font-size: 14px;\"> which will be attended by President Rodrigo Roa Duterte, other top government officials and the ASEAN Economic Ministers.</span></font></p>','storage/news','http://abac.highlysucceed.com/storage/news/20171012','Pp4XXPZcSRUHQUcR5mOI101220170105.jpg','2017-10-12 13:46:05','2017-10-12 13:46:05',NULL),
(8,'Pushing For MSME Development','ASEAN BAC - Admin','no','<p style=\"margin-top: 15px; font-size: 12px;\"><span style=\"font-size: 14px;\"><font color=\"#424242\" style=\"\" face=\"Roboto\">RJ Ledesma; Le Duy Binh, chief economist of Economica Vietnam; Fatin Arifin, vice president of the Young Entrepreneurs Association of Brunei; Sec. Ramon Lopez; Lamoiyan’s Cecilio Pedro; Dr. Benjamin Quinones, chairman of the Asian Solidarity Economy Council); and author, presidential adviser Joey Concepcion</font></span></p><p style=\"margin-top: 15px; font-size: 12px;\"><span style=\"font-size: 14px;\"><font color=\"#424242\" face=\"Roboto\">Last Friday, MSMEs were once again put in the spotlight as the Department of Trade and Industry hosted the ASEAN 2017 MSME Development Summit, a part of the ASEAN @ 50 activities under Philippine chairmanship. The ASEAN Business Advisory Council (BAC) fully supports this program for MSMEs.</font></span></p><p style=\"margin-top: 15px; font-size: 12px;\"><span style=\"font-size: 14px;\"><font color=\"#424242\" face=\"Roboto\">&nbsp;</font></span></p><p style=\"margin-top: 15px; font-size: 12px;\"><span style=\"font-size: 14px;\"><font color=\"#424242\" face=\"Roboto\">Trade Secretary Ramon Lopez, who has been one of the staunch MSME champions in the country since his time with Go Negosyo, reiterated the role of MSMEs in the growing economy — not just in the country, but also across the ASEAN region. He said, “Growth can only be successful if we empower the bottom of the pyramid.” He shared stories of how some entrepreneurs started from being small to successfully leveling up.</font></span></p><p style=\"margin-top: 15px; font-size: 12px;\"><font color=\"#424242\" face=\"Roboto\"><span style=\"font-size: 14px;\">I was honored to be part of the forum discussing the goal of ASEAN, which is providing prosperity for all. I was joined by Dr. Hafsah Hashim, CEO of SME Corporation Malaysia; Senator Juan Miguel Zubiri, chair of the </span><span style=\"font-size: 14px;\">senate</span><span style=\"font-size: 14px;\"> committee on Trade Commerce and Entrepreneurship; Kurt Wee, president of the Association of Small and Medium Enterprises Singapore; and Gov. Nestor Espenilla Jr., Governor of Bangko Sentral ng Pilipinas.</span></font></p><p style=\"margin-top: 15px; font-size: 12px;\"><span style=\"font-size: 14px;\"><font color=\"#424242\" face=\"Roboto\">As I shared during my speech, “The power of mentorship is&nbsp;the key to helping us succeed.” This is why, aside from the DTI-Go Negosyo Kapatid Mentor ME program — one of the successful private-public partnership programs — ASEAN BAC established the ASEAN Mentorship for Entrepreneurs Network (AMEN), which will create the largest pool of mentors across the region.</font></span></p><p style=\"margin-top: 15px; font-size: 12px;\"><span style=\"font-size: 14px;\"><font color=\"#424242\" face=\"Roboto\">It is exciting to know that we all have one vision for MSMEs and that is for them to become an integral part of the economy and for them to be embraced by a greater market, making them level up. Our advocacy in partnership with DTI remains constant in boosting the efficiency of entrepreneurial culture in our country.</font></span></p><p style=\"margin-top: 15px; font-size: 12px;\"><span style=\"font-size: 14px;\"><font color=\"#424242\" face=\"Roboto\">By bringing together private and public sectors, government enablers are taking MSMEs to another level. We can have prosperity for all. This is the start of productivity and an affluent change for our MSMEs. We are working hard to empower them to excel and put them at the forefront of business.</font></span></p><p style=\"margin-top: 15px; font-size: 12px;\"><span style=\"font-size: 14px;\"><font color=\"#424242\" face=\"Roboto\">&nbsp;</font></span></p><p style=\"margin-top: 15px; font-size: 12px;\"><font color=\"#424242\" face=\"Roboto\"><span style=\"font-size: 14px;\">The whole-day discussion of the 7Ms (Mindset, Mastery, Mentoring, Markets, Money, Machines and Models) was all for one mission: for MSMEs to achieve prosperity.</span></font></p><p style=\"margin-top: 15px; font-size: 12px;\"><font color=\"#424242\" face=\"Roboto\"><span style=\"font-size: 14px;\"><br></span><img src=\"http://asean-bac.org/images/asd1.jpg\" border=\"0\" alt=\"\" style=\"width: 100%;\"></font></p><p style=\"margin-top: 15px; font-size: 12px;\"><font color=\"#424242\" face=\"Roboto\"><img src=\"http://asean-bac.org/images/asd2.jpg\" border=\"0\" alt=\"\" style=\"width: 100%;\"></font></p><p style=\"margin-top: 15px; font-size: 12px;\"><font color=\"#424242\" face=\"Roboto\"><img src=\"http://asean-bac.org/images/asd3.jpg\" border=\"0\" alt=\"\" style=\"width: 100%;\"></font></p><p style=\"margin-top: 15px; font-size: 12px;\"><font color=\"#424242\" face=\"Roboto\"><img src=\"http://asean-bac.org/images/asd4.jpg\" border=\"0\" alt=\"\" style=\"width: 100%;\"></font></p><p style=\"margin-top: 15px; font-size: 12px;\"><font color=\"#424242\" face=\"Roboto\"><img src=\"http://asean-bac.org/images/asd6.jpg\" border=\"0\" alt=\"\" style=\"width: 100%;\"></font></p><p style=\"margin-top: 15px; font-size: 12px;\"><font color=\"#424242\" face=\"Roboto\"><img src=\"http://asean-bac.org/images/asd7.jpg\" border=\"0\" alt=\"\" style=\"width: 100%;\"></font></p><p style=\"margin-top: 15px; font-size: 12px;\"><font color=\"#424242\" face=\"Roboto\"><img src=\"http://asean-bac.org/images/asd8.jpg\" border=\"0\" alt=\"\" style=\"width: 100%;\"></font></p><p style=\"margin-top: 15px; font-size: 12px;\"><font color=\"#424242\" face=\"Roboto\"><img src=\"http://asean-bac.org/images/asd9.jpg\" border=\"0\" alt=\"\" style=\"width: 100%;\"></font></p><p style=\"margin-top: 15px; font-size: 12px;\"><font color=\"#424242\" face=\"Roboto\"><img src=\"http://asean-bac.org/images/asd10.jpg\" border=\"0\" alt=\"\" style=\"width: 100%;\"></font></p><p style=\"margin-top: 15px; font-size: 12px;\"><font color=\"#424242\" face=\"Roboto\"><img src=\"http://asean-bac.org/images/asd11.jpg\" border=\"0\" alt=\"\" style=\"width: 100%;\"></font></p><p style=\"margin-top: 15px; font-size: 12px;\"><font color=\"#424242\" face=\"Roboto\"><img src=\"http://asean-bac.org/images/asd12.jpg\" border=\"0\" alt=\"\" style=\"width: 100%;\"></font></p><p style=\"margin-top: 15px; font-size: 12px;\"><font color=\"#424242\" face=\"Roboto\"><img src=\"http://asean-bac.org/images/asd13.jpg\" border=\"0\" alt=\"\" style=\"width: 100%;\"></font></p><p style=\"margin-top: 15px; font-size: 12px;\"><font color=\"#424242\" face=\"Roboto\"><img src=\"http://asean-bac.org/images/asd15.jpg\" border=\"0\" alt=\"\" style=\"width: 100%;\"></font></p><p style=\"margin-top: 15px; font-size: 12px;\"><font color=\"#424242\" face=\"Roboto\"><img src=\"http://asean-bac.org/images/asd16.jpg\" border=\"0\" alt=\"\" style=\"width: 100%;\"></font></p><p style=\"margin-top: 15px; font-size: 12px;\"><font color=\"#424242\" face=\"Roboto\"><img src=\"http://asean-bac.org/images/asd19.jpg\" border=\"0\" alt=\"\" style=\"width: 100%;\"></font></p><p style=\"margin-top: 15px; font-size: 12px;\"><font color=\"#424242\" face=\"Roboto\"><img src=\"http://asean-bac.org/images/asd20.jpg\" border=\"0\" alt=\"\" style=\"width: 100%;\"></font></p><p style=\"margin-top: 15px; margin-bottom: 0px; font-size: 12px;\"><span style=\"font-size: 14px;\"><font color=\"#424242\" style=\"\" face=\"Roboto\">&nbsp;</font></span></p>','storage/news','http://abac.highlysucceed.com/storage/news/20171012','5dzkP4oeUeVEhtutLEgX101220170126.jpg','2017-10-12 13:50:26','2017-10-12 13:50:26',NULL);

/*Table structure for table `page_content` */

DROP TABLE IF EXISTS `page_content`;

CREATE TABLE `page_content` (
  `id` int(10) unsigned NOT NULL AUTO_INCREMENT,
  `page_location` varchar(191) COLLATE utf8mb4_unicode_ci DEFAULT NULL,
  `content` longtext COLLATE utf8mb4_unicode_ci,
  `path` text COLLATE utf8mb4_unicode_ci,
  `directory` text COLLATE utf8mb4_unicode_ci,
  `filename` text COLLATE utf8mb4_unicode_ci,
  `created_at` timestamp NULL DEFAULT NULL,
  `updated_at` timestamp NULL DEFAULT NULL,
  `deleted_at` timestamp NULL DEFAULT NULL,
  PRIMARY KEY (`id`)
) ENGINE=InnoDB AUTO_INCREMENT=5 DEFAULT CHARSET=utf8mb4 COLLATE=utf8mb4_unicode_ci;

/*Data for the table `page_content` */

insert  into `page_content`(`id`,`page_location`,`content`,`path`,`directory`,`filename`,`created_at`,`updated_at`,`deleted_at`) values 
(1,'aba','<div class=\"col-md-12\" style=\"margin: 0px; padding-top: 0px; padding-bottom: 0px; width: 900px; color: rgb(59, 82, 101); font-family: Roboto, sans-serif; font-size: 14px;\"><article class=\"zm-post-lay-single\" style=\"margin: 0px; padding: 0px;\"><div class=\"zm-post-dis\" style=\"margin: 0px; padding: 0px;\"><div class=\"zm-post-header\" style=\"margin: 0px; padding: 25px 0px 15px;\"><h2 class=\"zm-post-title h2\" style=\"margin: 0px; padding: 0px; font-family: &quot;Roboto Condensed&quot;, sans-serif; font-weight: 700; line-height: 34px; color: rgb(47, 47, 47); font-size: 36px; font-variant-ligatures: common-ligatures;\"><img src=\"http://demo.abac.highlysucceed.com/images/post/single/abac-awards.jpg\" alt=\"img\" style=\"color: rgb(59, 82, 101); font-family: Roboto, sans-serif; font-size: 14px; width: 100%;\"><br></h2><h2 class=\"zm-post-title h2\" style=\"margin: 0px; padding: 0px; font-family: &quot;Roboto Condensed&quot;, sans-serif; font-weight: 700; line-height: 34px; color: rgb(47, 47, 47); font-size: 36px; font-variant-ligatures: common-ligatures;\"><br></h2><h2 class=\"zm-post-title h2\" style=\"margin: 0px; padding: 0px; font-family: &quot;Roboto Condensed&quot;, sans-serif; font-weight: 700; line-height: 34px; color: rgb(47, 47, 47); font-size: 36px; font-variant-ligatures: common-ligatures;\"><a href=\"http://demo.abac.highlysucceed.com/aba.php#\" style=\"margin: 0px; padding: 0px; transition: all 0.3s ease-out 0s; color: inherit !important;\">ASEAN Business Awards: An Overview</a></h2><div class=\"zm-post-meta\" style=\"margin: 10px 0px 0px; padding: 0px;\"></div></div><div class=\"zm-post-content\" style=\"margin: 0px; padding: 0px;\"><p style=\"margin-bottom: 0px; padding: 0px;\">Since its establishment by ASEAN Leaders in 2003, the ASEAN Business Advisory Council (ASEAN-BAC) has been active in promoting public-private sector partnership and consultation to assist the integration of an ASEAN Economic Community (AEC) by 2017. In its efforts to bridge ASEAN Governments with its private sectors, the Council launched the ASEAN Business Awards (ABA) in 2007 to give recognition to enterprises that have contributed to the growth and prosperity of the ASEAN economy.</p><p class=\"pb-30\" style=\"margin-top: 20px; margin-bottom: 0px; padding: 0px 0px 30px;\">ABA was conceived to be the first of its kind in the region, with the dual objectives of recognizing outstanding ASEAN enterprises, and to serve as a platform to spread information concerning the ASEAN Economic Community (AEC). In addition, ABA also brings to the spotlight promising ASEAN small and medium-sized enterprises (SMEs) that have the potential of becoming global economic players.</p><blockquote style=\"margin: 35px; padding: 0px 0px 0px 20px; font-size: 14px; border-left-color: rgb(0, 98, 176); font-family: roboto; font-weight: 700;\">A dedicated Working Group of ‘National Gateways’ consisting of ten ASEAN-BAC Members (one representative from each Member State) forms the foundation of ABA. The roles of the National Gateways are to promote the event in their respective countries, as well as to select ‘National Judges’ who will be responsible in selecting the recipients of ABA.</blockquote><p style=\"margin-bottom: 0px; padding: 0px;\">Since it was first launched in 2007, ABA has recognized more than 100 companies throughout the region that excel in the categories of: Growth, Employment, Innovation and Corporate Social Responsibility (CSR). In 2015, however, ASEAN-BAC expanded the categories of ABA to include the Priority Integration Sectors (PIS) of ASEAN element, as well as recognizing outstanding young entrepreneurs and women entrepreneurs.</p><p style=\"margin-top: 20px; margin-bottom: 0px; padding: 0px;\">To ensure the high-quality and independency of such a prestigious event, ASEAN-BAC engages a Strategic Partner each year to administer the implementation of the ABA Framework; short listing nominations of companies; administering the Judges Meeting and assist in promoting the event throughout the ASEAN region. This Terms of Reference (ToR) aims to briefly highlight the event’s objectives, categories and criteria, and tentative plan in carrying out ABA 2017.</p><p style=\"margin-top: 20px; margin-bottom: 0px; padding: 0px;\">Since it was first launched in 2007, ABA has recognized more than 100 companies throughout the region that excel in the categories of: Growth, Employment, Innovation and Corporate Social Responsibility (CSR). In 2015, however, ASEAN-BAC expanded the categories of ABA to include the Priority Integration Sectors (PIS) of ASEAN element, as well as recognizing outstanding young entrepreneurs and women entrepreneurs.</p></div></div><div class=\"zm-post-thumb\" style=\"margin: 0px; padding: 0px;\"><a href=\"http://demo.abac.highlysucceed.com/aba.php#\" style=\"margin: 0px; padding: 0px; color: rgb(124, 140, 153); transition: all 0.3s ease-out 0s; display: block;\"><img src=\"http://demo.abac.highlysucceed.com/images/post/sponsors.jpg\" alt=\"img\" style=\"margin: 0px; padding: 0px; max-width: 100%; transition: all 0.3s ease-out 0s; width: 870px;\"></a></div></article></div><div class=\"col-xs-12 col-sm-12 col-md-12 col-lg-12\" style=\"margin: 0px; padding-top: 0px; padding-bottom: 0px; width: 900px; color: rgb(59, 82, 101); font-family: Roboto, sans-serif; font-size: 14px;\"></div>',NULL,NULL,NULL,'2017-10-12 15:35:16','2017-10-12 15:35:16',NULL),
(2,'abis','<div class=\"zm-post-header\" style=\"margin: 0px; padding: 25px 0px 15px; color: rgb(59, 82, 101); font-family: Roboto, sans-serif; font-size: 14px;\"><h2 class=\"zm-post-title h2\" style=\"margin: 0px; padding: 0px; font-family: \" roboto=\"\" condensed\",=\"\" sans-serif;=\"\" font-weight:=\"\" 700;=\"\" line-height:=\"\" 34px;=\"\" color:=\"\" rgb(47,=\"\" 47,=\"\" 47);=\"\" font-size:=\"\" 36px;=\"\" font-variant-ligatures:=\"\" common-ligatures;\"=\"\"><img src=\"http://www.abis2017.com/uploads/5/6/0/6/56069275/asean-bac-ph-web-banner-jac-abis_1_orig.jpg\" alt=\"Image result for ASEAN ABIS\" style=\"font-size: 14px;\"><br></h2><h2 class=\"zm-post-title h2\" style=\"margin: 0px; padding: 0px; font-family: \" roboto=\"\" condensed\",=\"\" sans-serif;=\"\" font-weight:=\"\" 700;=\"\" line-height:=\"\" 34px;=\"\" color:=\"\" rgb(47,=\"\" 47,=\"\" 47);=\"\" font-size:=\"\" 36px;=\"\" font-variant-ligatures:=\"\" common-ligatures;\"=\"\"><br></h2><h2 class=\"zm-post-title h2\" style=\"margin: 0px; padding: 0px; font-family: \" roboto=\"\" condensed\",=\"\" sans-serif;=\"\" font-weight:=\"\" 700;=\"\" line-height:=\"\" 34px;=\"\" color:=\"\" rgb(47,=\"\" 47,=\"\" 47);=\"\" font-size:=\"\" 36px;=\"\" font-variant-ligatures:=\"\" common-ligatures;\"=\"\"><a href=\"http://demo.abac.highlysucceed.com/abis.php#\" style=\"margin: 0px; padding: 0px; transition: all 0.3s ease-out 0s; color: inherit !important;\">About the Event</a></h2></div><div class=\"zm-post-content\" style=\"margin: 0px; padding: 0px; color: rgb(59, 82, 101); font-family: Roboto, sans-serif; font-size: 14px;\"><p style=\"margin-bottom: 0px; padding: 0px;\">The ASEAN Business and Investment Summit (ABIS) 2016 is ASEAN’s premier annual Business and Investment event.</p><p style=\"margin-top: 20px; margin-bottom: 0px; padding: 0px;\">The summit provides a platform for the business community to engage with ASEAN leaders, business leaders, entrepreneurs and key decision makers.</p><p style=\"margin-top: 20px; margin-bottom: 0px; padding: 0px;\">ABIS 2016 will bring into sharp focus the opportunities, requirements and questions facing the private sector, and explore the myriad of possibilities brought forth by the onset of the ASEAN Economic Community (AEC).</p><p style=\"margin-top: 20px; margin-bottom: 0px; padding: 0px;\">The ASEAN Business and Investment Summit 2016 is also the platform for business leaders to meet with global and regional leaders from different investment, business and academic backgrounds. ABIS 2016 will allow you to explore new ideas, challenge perspectives, outline opportunities, network and most importantly, attain the necessary insights to propel your business towards regional success.</p><p style=\"margin-top: 20px; margin-bottom: 0px; padding: 0px;\">For more information, please visit our official ABIS website:&nbsp;<a href=\"http://demo.abac.highlysucceed.com/ww.abis2016.com\" style=\"margin: 0px; padding: 0px; color: rgb(124, 140, 153); transition: all 0.3s ease-out 0s;\">www.abis2016.com</a></p></div>',NULL,NULL,NULL,'2017-10-12 15:36:25','2017-10-12 15:51:18',NULL),
(3,'asean_bac','<div class=\"zm-post-thumb\" style=\"margin: 0px; padding: 0px; color: rgb(59, 82, 101); font-family: Roboto, sans-serif; font-size: 14px;\"><a href=\"http://demo.abac.highlysucceed.com/asean-bac.php#\" style=\"margin: 0px; padding: 0px; color: rgb(124, 140, 153); transition: all 0.3s ease-out 0s; display: block;\"><img src=\"http://demo.abac.highlysucceed.com/images/post/single/abac-awards.jpg\" alt=\"img\" class=\"pb-30\" style=\"margin: 0px; padding: 0px 0px 30px; max-width: 100%; transition: all 0.3s ease-out 0s; width: 100%;\"></a></div><div class=\"zm-post-dis\" style=\"margin: 0px; padding: 0px; color: rgb(59, 82, 101); font-family: Roboto, sans-serif; font-size: 14px;\"><div class=\"zm-post-header\" style=\"margin: 0px; padding-right: 0px; padding-left: 0px; padding-top: 10px !important; padding-bottom: 30px !important;\"><h2 class=\"zm-post-title h2\" style=\"margin: 0px; padding: 0px; font-family: &quot;Roboto Condensed&quot;, sans-serif; font-weight: 700; line-height: 34px; color: rgb(47, 47, 47); font-size: 36px; font-variant-ligatures: common-ligatures;\"><a href=\"http://demo.abac.highlysucceed.com/asean-bac.php#\" style=\"margin: 0px; padding: 0px; transition: all 0.3s ease-out 0s; color: inherit !important;\">What is ASEAN BAC?</a></h2></div><div class=\"zm-post-content pb-20\" style=\"margin: 0px; padding: 0px 0px 20px;\"><p style=\"margin-bottom: 0px; padding: 0px;\">ASEAN BAC was formed following decision of the ASEAN Leaders at the 7th ASEAN Summit and launched in April 2003, with the mandate to provide private sector feedback and guidance to boost ASEAN\'s efforts towards economic integration</p></div></div><div class=\"zm-post-dis\" style=\"margin: 0px; padding: 0px; color: rgb(59, 82, 101); font-family: Roboto, sans-serif; font-size: 14px;\"><div class=\"zm-post-header\" style=\"margin: 0px; padding-right: 0px; padding-left: 0px; padding-top: 10px !important; padding-bottom: 30px !important;\"><h2 class=\"zm-post-title h2\" style=\"margin: 0px; padding: 0px; font-family: &quot;Roboto Condensed&quot;, sans-serif; font-weight: 700; line-height: 34px; color: rgb(47, 47, 47); font-size: 36px; font-variant-ligatures: common-ligatures;\"><a href=\"http://demo.abac.highlysucceed.com/asean-bac.php#\" style=\"margin: 0px; padding: 0px; transition: all 0.3s ease-out 0s; color: inherit !important;\">What ASEAN BAC do?</a></h2></div><div class=\"zm-post-content pb-30\" style=\"margin: 0px; padding: 0px 0px 30px;\"><p style=\"margin-bottom: 0px; padding: 0px;\">The ASEAN Business Advisory Council (ASEAN BAC) was inaugurated in April 2003 at the ASEAN Secretariat in Jakarta, Indonesia. Its establishment was earlier mandated by the ASEAN Leaders at their 7th ASEAN summit in Bandar Seri Begawan, Brunei Darussalam on 5-6 November 2001, as the official ASEAN linkage to provide private sector feedback and guidance to boost ASEAN\'s efforts towards economic integration and to identify priority areas for considerations by the ASEAN Leaders.</p></div></div><div class=\"zm-post-dis\" style=\"margin: 0px; padding: 0px; color: rgb(59, 82, 101); font-family: Roboto, sans-serif; font-size: 14px;\"><div class=\"zm-post-header\" style=\"margin: 0px; padding-right: 0px; padding-left: 0px; padding-top: 10px !important; padding-bottom: 30px !important;\"><h2 class=\"zm-post-title h2\" style=\"margin: 0px; padding: 0px; font-family: &quot;Roboto Condensed&quot;, sans-serif; font-weight: 700; line-height: 34px; color: rgb(47, 47, 47); font-size: 36px; font-variant-ligatures: common-ligatures;\"><a href=\"http://demo.abac.highlysucceed.com/asean-bac.php#\" style=\"margin: 0px; padding: 0px; transition: all 0.3s ease-out 0s; color: inherit !important;\">Objective(s) of ASEAN-BAC</a></h2></div><div class=\"zm-post-content pb-20\" style=\"margin: 0px; padding: 0px 0px 20px;\"><p class=\" pb-20\" style=\"margin-bottom: 0px; padding: 0px 0px 20px;\">ASEAN-BAC is mandated by the ASEAN Leaders as the official ASEAN linkage:</p><ol class=\"uls\" \"=\"\" style=\"margin-right: 0px; margin-bottom: 10px; margin-left: 20px; padding: 0px; list-style: disc;\"><li style=\"margin: 0px; padding: 0px;\">To provide private sector feedback and guidance to boost ASEAN\'s efforts towards economic integration.</li><li style=\"margin: 0px; padding: 0px;\">To identify priority areas for consideration by the ASEAN Leaders.</li><li style=\"margin: 0px; padding: 0px;\">In fulfilling the mandate to provide policy recommendations to the ASEAN Leaders, ASEAN BAC organizes the annual ASEAN Business &amp; Investment Summit (ASEAN-BIS) to coincide with the ASEAN Summits.</li></ol></div></div><div class=\"zm-post-dis\" style=\"margin: 0px; padding: 0px; color: rgb(59, 82, 101); font-family: Roboto, sans-serif; font-size: 14px;\"><div class=\"zm-post-header\" style=\"margin: 0px; padding-right: 0px; padding-left: 0px; padding-top: 10px !important; padding-bottom: 30px !important;\"><h2 class=\"zm-post-title h2\" style=\"margin: 0px; padding: 0px; font-family: &quot;Roboto Condensed&quot;, sans-serif; font-weight: 700; line-height: 34px; color: rgb(47, 47, 47); font-size: 36px; font-variant-ligatures: common-ligatures;\"><a href=\"http://demo.abac.highlysucceed.com/asean-bac.php#\" style=\"margin: 0px; padding: 0px; transition: all 0.3s ease-out 0s; color: inherit !important;\">ASEAN BAC Organizational Structure</a></h2></div><div class=\"zm-post-content\" style=\"margin: 0px; padding: 0px;\"><p class=\" pb-20\" style=\"margin-bottom: 0px; padding: 0px 0px 20px;\">Here\'s the ASEAN BAC Organizational Structure:</p></div></div>',NULL,NULL,NULL,'2017-10-12 15:54:29','2017-10-12 15:54:29',NULL),
(4,'members','<p style=\"margin-bottom: 0px; padding: 0px; color: rgb(59, 82, 101); font-size: 14px;\"><font color=\"#424242\" style=\"margin: 0px; padding: 0px;\" face=\"Roboto\"><img src=\"http://asean-bac.org/images/members.jpg\" alt=\"Member Flags\" style=\"margin: 0px; padding: 0px; max-width: 100%; transition: all 0.3s ease-out 0s; width: 100%;\"></font></p><p class=\"western\" align=\"JUSTIFY\" style=\"margin-top: 15px; margin-bottom: 0px; padding: 0px; color: rgb(59, 82, 101); font-size: 12px;\"><span style=\"margin: 0px; padding: 0px;\"><span style=\"margin: 0px; padding: 0px; font-size: 14px;\"><font color=\"#424242\" style=\"margin: 0px; padding: 0px;\" face=\"Roboto\">ASEAN BAC members are appointed by their respective Governments comprising high-level CEOs of companies from each member country and represented by 3 members per member country, with one representing the interest of small and medium-sized enterprises. Government focal points, at the Ministerial level, have been assigned to assist ASEAN BAC to fulfill its mandate.</font></span></span></p><p class=\"western\" align=\"JUSTIFY\" style=\"margin-top: 15px; margin-bottom: 0px; padding: 0px; color: rgb(59, 82, 101); font-size: 12px;\"><span style=\"margin: 0px; padding: 0px;\"><span style=\"margin: 0px; padding: 0px; font-size: 14px;\"><font color=\"#424242\" style=\"margin: 0px; padding: 0px;\" face=\"Roboto\">In carrying out its objectives, ASEAN BAC holds regular meetings across ASEAN countries and engages in various ASEAN level forums to meet with government and private sector representatives so that all stakeholders concerned have the full understanding, acceptance, and ownership of the ASEAN integration process.</font></span></span></p>',NULL,NULL,NULL,'2017-10-12 16:04:21','2017-10-12 16:04:21',NULL);

/*Table structure for table `partners` */

DROP TABLE IF EXISTS `partners`;

CREATE TABLE `partners` (
  `id` int(10) unsigned NOT NULL AUTO_INCREMENT,
  `title` varchar(191) COLLATE utf8mb4_unicode_ci DEFAULT NULL,
  `content` longtext COLLATE utf8mb4_unicode_ci,
  `type` enum('bronze','platinum') COLLATE utf8mb4_unicode_ci DEFAULT NULL,
  `path` text COLLATE utf8mb4_unicode_ci,
  `directory` text COLLATE utf8mb4_unicode_ci,
  `filename` text COLLATE utf8mb4_unicode_ci,
  `created_at` timestamp NULL DEFAULT NULL,
  `updated_at` timestamp NULL DEFAULT NULL,
  `deleted_at` timestamp NULL DEFAULT NULL,
  PRIMARY KEY (`id`)
) ENGINE=InnoDB AUTO_INCREMENT=6 DEFAULT CHARSET=utf8mb4 COLLATE=utf8mb4_unicode_ci;

/*Data for the table `partners` */

insert  into `partners`(`id`,`title`,`content`,`type`,`path`,`directory`,`filename`,`created_at`,`updated_at`,`deleted_at`) values 
(1,'SRW&Co','SRW&Co. is a regional management consulting firm with core business in Human Resource management consulting and executive education. Incorporated in 2003, the company provides a full spectrum of HR consulting services to clients with end to end design and implementation capability. Since 2009, the company collaborated with world class business schools to design and deliver a flagship leadership development program called ASEAN Global Leadership Program (AGLP). In June 2016, ASEAN BAC signed an MOU with SRW&Co.to support the development of leaders in the ASEAN region against the backdrop of the AEC. For a start, SRW&Co. grants 3 scholarships to the 2016 ASEAN Business Award winners to attend the annual AGLP in an ivy league business school in the US or Europe.','platinum','storage/partners','http://abac.highlysucceed.com/storage/partners/20171012','kWLErTE4pVcquo35cE4D101220170410.jpg','2017-10-12 16:52:10','2017-10-12 16:52:10',NULL),
(2,'BDO (ASEAN Business Award)','Operating since 1964, BDO Malaysia has extensive experience in Malaysia’s commercial landscape with a strong reputation as a top quality professional services provider. Together with our regional operations, we service our clients with a well-qualified and experienced team of more than 1000 people including 90 partners and directors.\r\nBDO ASEAN comprises BDO member firms in all 10 ASEAN nations - Brunei, Cambodia, Indonesia, Lao PDR, Malaysia, Myanmar, Philippines, Singapore, Thailand and Vietnam. With representation across the entire South East Asia, we are able to offer seamless cross-border services covering the full breadth and depth of Audit, Advisory and Tax regionally. With the leverage of a global network, we provide unparalleled access to Greater Asia and beyond.','platinum','storage/partners','http://abac.highlysucceed.com/storage/partners/20171012','QQwPm6ZVJeZMokp1cM6S101220170438.jpg','2017-10-12 16:52:38','2017-10-12 16:52:38',NULL),
(3,'Lee Kuan Yew School of Public Policy (LKYSPP)','Project: ASEAN BAC Survey on ASEAN Competitiveness (2013)\r\nASEAN BAC continues to collaborate with LKYSPP for a survey on ASEAN Competitiveness 2010-2012. The objective of the survey is to provide sector feedback to the ASEAN governments, most especially in prioritizing the implementation of related ASEAN working groups work plans. The survey tracks business sentiments towards the attractiveness of ASEAN to trade and investments and the effectiveness of ASEAN Economic Community (AEC) Blueprint implementation.','platinum','storage/partners','http://abac.highlysucceed.com/storage/partners/20171012','XzKhM41osXUxo55DsOwo101220170414.jpg','2017-10-12 16:53:14','2017-10-12 16:53:14',NULL),
(4,'Economic Research Institute for ASEAN and East Asia (ERIA)','Project: Utilization of ASEAN Plus 1 Free Trade Agreements (FTA))\r\nASEAN BAC is in partnership with ERIA for a study on the Utilization of ASEAN Plus 1 (ASEAN+1) Free Trade Agreements (FTA). Utilization of ASEAN Plus 1 Free Trade Agreements is a project to stock takes of the bottleneck issues faced by private sector in utilizing the ASEAN+1 FTAs, with a view to support the development process of the Regional Comprehensive Economic Partnership (RCEP).','platinum','storage/partners','http://abac.highlysucceed.com/storage/partners/20171012','J35FwNzznWb6spG53GSH101220170459.jpg','2017-10-12 16:53:59','2017-10-12 16:53:59',NULL),
(5,'International Institute for Sustainable Development (IISD)','Project: Maximizing the Benefits of Regional Economic Integration for ASEAN SMEs.\r\nASEAN BAC is in partnership with IISD in developing proposal aimed to regionalize ASEAN SMEs. The background of conducting this activity is to recognize the need and importance for SMEs to be internationalized should AEC is to be achieved.','bronze','storage/partners','http://abac.highlysucceed.com/storage/partners/20171012','U5oUFfaTEVEIWhbMUJOE101220170430.jpg','2017-10-12 16:54:30','2017-10-12 16:54:30',NULL);

/*Table structure for table `press_releases` */

DROP TABLE IF EXISTS `press_releases`;

CREATE TABLE `press_releases` (
  `id` int(10) unsigned NOT NULL AUTO_INCREMENT,
  `title` varchar(191) COLLATE utf8mb4_unicode_ci DEFAULT NULL,
  `content` longtext COLLATE utf8mb4_unicode_ci,
  `path` text COLLATE utf8mb4_unicode_ci,
  `directory` text COLLATE utf8mb4_unicode_ci,
  `filename` text COLLATE utf8mb4_unicode_ci,
  `created_at` timestamp NULL DEFAULT NULL,
  `updated_at` timestamp NULL DEFAULT NULL,
  `deleted_at` timestamp NULL DEFAULT NULL,
  PRIMARY KEY (`id`)
) ENGINE=InnoDB AUTO_INCREMENT=3 DEFAULT CHARSET=utf8mb4 COLLATE=utf8mb4_unicode_ci;

/*Data for the table `press_releases` */

insert  into `press_releases`(`id`,`title`,`content`,`path`,`directory`,`filename`,`created_at`,`updated_at`,`deleted_at`) values 
(1,'LAUNCH OF ASEAN BUSINESS AWARDS 2014','<p style=\"margin-top: 15px; color: rgb(119, 119, 119); font-size: 12px; text-align: justify;\"><span style=\"font-size: large;\"><span style=\"font-size: 14px;\"><font face=\"Roboto\"><b>LAUNCH OF ASEAN BUSINESS AWARDS 2014</b></font></span><font face=\"Roboto\"><br></font></span></p><p style=\"margin-top: 15px; color: rgb(119, 119, 119); font-size: 12px; text-align: justify;\"><span style=\"line-height: 1.3em;\"><font face=\"Roboto\"><span style=\"font-size: 14px;\">Since its establishment by the Leaders of ASEAN in 2003, ASEAN Business Advisory Council has been committed </span><span style=\"font-size: 14px;\">in</span><span style=\"font-size: 14px;\"> promoting public-private sector partnership and consultation to assist the integration of an ASEAN Economic Community (AEC) by 2015.</span></font></span></p><p style=\"margin-top: 15px; color: rgb(119, 119, 119); font-size: 12px; text-align: justify;\"><font face=\"Roboto\"><span style=\"font-size: 14px;\">In its efforts to bridge ASEAN Governments with the private sectors, the Council launched the ASEAN Business Awards (ABA) in 2007 to </span><span style=\"font-size: 14px;\">recognise</span><span style=\"font-size: 14px;\"> enterprises that </span><span style=\"font-size: 14px;\">has</span><span style=\"font-size: 14px;\"> contributed to the growth and prosperity of the ASEAN economy. Since then, the annual Awards have </span><span style=\"font-size: 14px;\">recognised</span><span style=\"font-size: 14px;\"> more than 60 companies throughout the region; considered as the ‘Most Admired ASEAN Enterprises’ and excelling in the categories of Large Company and MSMEs</span></font></p><p style=\"margin-top: 15px; color: rgb(119, 119, 119); font-size: 12px; text-align: justify;\"><span style=\"font-size: 14px;\"><font face=\"Roboto\">ABA was conceived to be the first of its kind in the region, with the dual objectives of showcasing home grown ASEAN companies that have become role models for other aspiring companies, as well as providing a spotlight for promising ASEAN small and medium enterprises (SMEs) that have the potential to be global players.</font></span></p><p style=\"margin-top: 15px; color: rgb(119, 119, 119); font-size: 12px; text-align: justify;\"><font face=\"Roboto\"><span style=\"font-size: 14px;\">This year’s ABA has been restructured to reflect the changes in the global as well as ASEAN regional economic developments. ABA 2014 will continue to highlight the Large Companies and MSMEs in the region. For greater Inclusivity, awards in both categories have been expanded. The Large category </span><span style=\"font-size: 14px;\">coversCorporate</span><span style=\"font-size: 14px;\"> Excellence, </span><span style=\"font-size: 14px;\">Innovation</span><span style=\"font-size: 14px;\"> and ASEAN Centrality while the MSME category extends to Micro, Small and Medium size companies, Young Entrepreneurs and Women Business Leaders. There will be national winners in each category in each country, who will then compete on the regional level to become the coveted ASEAN Champions in each category.</span></font></p><p style=\"margin-top: 15px; color: rgb(119, 119, 119); font-size: 12px; text-align: justify;\"><font face=\"Roboto\"><span style=\"font-size: 14px;\">To ensure the high-quality and independency of such a prestigious award, ASEAN BAC has engaged KPMG as the Strategic Partner. KPMG will administer the implementation of the nominations, </span><span style=\"font-size: 14px;\">assessments</span><span style=\"font-size: 14px;\"> and selections; as well as assist in promoting the event throughout the ASEAN region.</span></font></p><p style=\"margin-top: 15px; color: rgb(119, 119, 119); font-size: 12px; text-align: justify;\"><span style=\"font-size: 14px;\"><font face=\"Roboto\">Companies shortlisted by the Strategic Partner will be brought to the attention of an independent judging panel comprising of top leaders from the fields of academia and public service from ASEAN countries.</font></span></p><p style=\"margin-top: 15px; color: rgb(119, 119, 119); font-size: 12px; text-align: justify;\"><span style=\"font-size: 14px;\"><font face=\"Roboto\">Awards will be presented at the Gala Dinner of the 2014 ASEAN Business and Investment Summit (ASEAN BIS), scheduled to be held in November 2014 in Nay Pyi Taw, Myanmar.</font></span></p><p style=\"margin-top: 15px; color: rgb(119, 119, 119); font-size: 12px; text-align: justify;\"><font face=\"Roboto\"><span style=\"font-size: 14px;\">Companies are invited to apply starting from 1-May-2014 through on line applications from the ASEAN BAC website (</span><a href=\"http://www.asean-bac.org/\" target=\"_blank\" style=\"color: rgb(95, 159, 203);\"><span style=\"font-size: 14px;\">www.asean-bac.org</span></a><span style=\"font-size: 14px;\">). Only on-line applications will be accepted and the closing date will be June 30th, 2014.</span></font></p><p style=\"margin-top: 15px; color: rgb(119, 119, 119); font-size: 12px; text-align: justify;\"><span style=\"font-size: 14px;\"><font face=\"Roboto\">For more information, please contact:  </font></span></p><p style=\"margin-top: 15px; color: rgb(119, 119, 119); font-size: 12px;\"><span style=\"font-size: 14px;\"><font face=\"Roboto\"> </font></span></p><table border=\"0\" cellpadding=\"0\" style=\"color: rgb(119, 119, 119); font-size: 12px; width: 600px;\"><tbody><tr align=\"left\" valign=\"top\"><td width=\"269\" style=\"padding: 1px;\"><p style=\"margin-top: 15px;\"><font face=\"Roboto\"><strong><span style=\"font-size: 14px;\">KPMG Myanmar</span></strong><br><span style=\"font-size: 14px;\">Suite No. 03-05/06/07</span><br><span style=\"font-size: 14px;\">Union Business Centre (UBC)</span><br><span style=\"font-size: 14px;\">Nat Mauk Road, Bo Cho Quarter, </span><br><span style=\"font-size: 14px;\">Bahan Township, Yangon, Myanmar</span><br><span style=\"font-size: 14px;\">Phone: +95 1 860 3361 - 63 </span><br><span style=\"font-size: 14px;\">Fax: +95 1 860 3364</span><br><span style=\"font-size: 14px;\">Email: </span><span id=\"cloak85412\" style=\"font-size: 14px;\"><a href=\"mailto:mlwin@kpmg.com\" style=\"color: rgb(95, 159, 203);\">mlwin@kpmg.com</a></span></font></p></td><td width=\"25\" style=\"padding: 1px;\"><span style=\"font-size: 14px;\"><font face=\"Roboto\"> </font></span></td><td width=\"298\" style=\"padding: 1px;\"><p style=\"margin-top: 15px;\"><font face=\"Roboto\"><strong><span style=\"font-size: 14px;\">ASEAN BAC Secretariat </span><br></strong><span style=\"font-size: 14px;\">70 A, Jl. Sisingamangaraja, </span><br><span style=\"font-size: 14px;\">Jakarta 12110, Indonesia</span><br><span style=\"font-size: 14px;\">T: + 6221 726 2991 ext 491 | 722 0705 (DL)</span><br><span style=\"font-size: 14px;\">F: + 6221 739 8234 | 722 0539 (DL) </span><br><span style=\"font-size: 14px;\">Email: </span><span id=\"cloak31121\" style=\"font-size: 14px;\"><a href=\"mailto:aseanbac@asean.org\" style=\"color: rgb(95, 159, 203);\">aseanbac@asean.org</a></span></font></p></td></tr></tbody></table>','storage/press_releases','http://abac.highlysucceed.com/storage/press_releases/20171012','BC1RoqexQCk5TQJrLmHN101220170604.jpg','2017-10-12 18:02:04','2017-10-12 18:04:34',NULL),
(2,'The 2013 ASEAN Business and Investment Summit (ASEAN BIS 2013)','<p style=\"margin-top: 15px; color: rgb(119, 119, 119); font-size: 12px; text-align: center;\"><span style=\"color: rgb(66, 66, 66); font-family: Roboto; font-size: 14px;\">The 2013 ASEAN Business and Investment Summit (ASEAN BIS 2013) in Bandar Seri Begawan, Brunei Darussalam will be officially opened on August </span><span style=\"font-size: 14px;\">20</span><span style=\"color: rgb(66, 66, 66); font-family: Roboto; font-size: 14px;\"> 2013. The summit will be attended by world leaders, political and business leaders from the region, including:&nbsp;</span><br></p><p style=\"margin-top: 15px; font-size: 12px;\"><font face=\"Roboto\" color=\"#424242\"><br></font></p><ul style=\"margin: 15px 0px; padding-left: 30px; font-size: 12px;\"><li><font face=\"Roboto\" color=\"#424242\"><span style=\"font-size: 14px;\">His Majesty and Yang Di Pertuan of Brunei Darussalam, ASEAN Chair 2013</span></font></li><li><font face=\"Roboto\" color=\"#424242\"><span style=\"font-size: 14px;\">H.E. Dr. Kan Zaw, Union Minister, Ministry of National Planning and Economic</span></font></li><li><font face=\"Roboto\" color=\"#424242\"><span style=\"font-size: 14px;\">Development (TBC)</span></font></li><li><font face=\"Roboto\" color=\"#424242\"><span style=\"font-size: 14px;\">HE Anand Sharma, Minister of Commerce &amp; Industry, India, Ministry of Commerce &amp;Industry, India</span></font></li><li><font face=\"Roboto\" color=\"#424242\"><span style=\"font-size: 14px;\">The Honourable Ed Fast, Minister of Trade, Foreign Affairs, </span><span style=\"font-size: 14px;\">Trade</span><span style=\"font-size: 14px;\"> and </span><span style=\"font-size: 14px;\" class=\"\">Development,Canada</span></font></li><li><font face=\"Roboto\" color=\"#424242\"><span style=\"font-size: 14px;\">H.E. Alexey Ulyukaev, Minister of Economic Development, Russian Federation</span></font></li><li><font face=\"Roboto\" color=\"#424242\"><span style=\"font-size: 14px;\">HE Under Secretary Francisco Sanchez, Department Of Commerce, US Government</span></font></li><li><font face=\"Roboto\" color=\"#424242\"><span style=\"font-size: 14px;\">HE Le Luong Minh, Secretary-General, ASEAN Secretariat</span></font></li><li><font face=\"Roboto\" color=\"#424242\"><span style=\"font-size: 14px;\">Yu Ping, Vice Chairman of China Council for the Promotion of International Trade (CCPIT) and Immediate Past Chairman of East Asia Business Council (</span><span style=\"font-size: 14px;\">EABC</span><span style=\"font-size: 14px;\">)</span></font></li><li><font face=\"Roboto\" color=\"#424242\"><span style=\"font-size: 14px;\">Sam Kim, Vice President of Asia </span><span style=\"font-size: 14px;\" class=\"\">Develoment</span><span style=\"font-size: 14px;\"> Markets for P&amp;G</span></font></li><li><font face=\"Roboto\" color=\"#424242\"><span style=\"font-size: 14px;\">Matthew Russel, Head of Regions, South Asia &amp; South East Asia, Standard Chartered Bank</span></font></li></ul><p style=\"margin-top: 15px; font-size: 12px;\"><font face=\"Roboto\" color=\"#424242\"><br><span style=\"font-size: 14px;\">Some key issues expected to be in the discussion at the ASEAN BIS are:&nbsp;</span><br><br></font></p><ul style=\"margin: 15px 0px; padding-left: 30px; font-size: 12px;\"><li><font face=\"Roboto\" color=\"#424242\"><span style=\"font-size: 14px;\">What exactly </span><span style=\"font-size: 14px;\">have</span><span style=\"font-size: 14px;\"> ASEAN achieved to ensure regional economic integration by 2015 (AEC)?</span></font></li><li><font face=\"Roboto\" color=\"#424242\"><span style=\"font-size: 14px;\">What can ASEAN do to enhance the competitiveness of the region and be globally connected?</span></font></li><li><font face=\"Roboto\" color=\"#424242\"><span style=\"font-size: 14px;\">What can the ASEAN business community expect from such a regional economic expansion of ASEAN with its Plus 1 dialogue partners?</span></font></li><li><font face=\"Roboto\" color=\"#424242\"><span style=\"font-size: 14px;\">How can ASEAN accelerate the implementation of the Connectivity Master Plan?</span></font></li><li><font face=\"Roboto\" color=\"#424242\"><span style=\"font-size: 14px;\">What are key success factors for an Innovation-led economy?</span></font></li></ul><p style=\"margin-top: 15px; font-size: 12px;\"><font face=\"Roboto\" color=\"#424242\"><span style=\"font-size: 14px;\">With the aim to increase ASEAN\'s attractiveness as a region for trade and investment and </span><span style=\"font-size: 14px;\">enhanced</span><span style=\"font-size: 14px;\"> regional competitiveness, the summit highlighted on a Special Dialogue with the Economic and Trade Minister of ASEAN. Participants will have the opportunity to engage with ASEAN leaders, economic </span><span style=\"font-size: 14px;\">ministers</span><span style=\"font-size: 14px;\"> and key decision makers.&nbsp;&nbsp;</span><br><br><span style=\"font-size: 14px;\">A highlight of the session on the Regional Comprehensive Economic Partnership (RCEP) will include insights from Ministers from ASEAN’s trade </span><span style=\"font-size: 14px;\">partner,</span><span style=\"font-size: 14px;\"> and key industry players around the region.&nbsp;</span><br><br><span style=\"font-size: 14px;\">The Summit has already received significant support from both government and private sectors companies and representatives. The summit is expected to attract over 300 businesses from ASEAN and will also include those from dialogue partner countries such as Canada, China, the EU, Hong Kong, </span><span style=\"font-size: 14px;\">Russia</span><span style=\"font-size: 14px;\"> and US.&nbsp;</span><br><br><span style=\"font-size: 14px;\">List of sponsors for the ASEAN BIS 2013 in Brunei are:&nbsp;</span><br><br><span style=\"font-size: 14px;\">SILVER SPONSORS&nbsp;</span><br><br><span style=\"font-size: 14px;\">1. Brunei Press Sdn. Bhd.&nbsp;</span><br><span style=\"font-size: 14px;\">2. LCY Development Sdn. Bhd.&nbsp;</span><br><span style=\"font-size: 14px;\">3. ROYAL BRUNEI AIRLINES Sdn. Bhd.&nbsp;</span><br><span style=\"font-size: 14px;\">4. SM Investments Corporation&nbsp;</span><br><br><br><span style=\"font-size: 14px;\">BRONZE SPONSORS&nbsp;</span><br><br><span style=\"font-size: 14px;\">1. Baiduri Bank&nbsp;</span><br><span style=\"font-size: 14px;\">2. Bank Islam Brunei Darussalam Berhad (BIBD)&nbsp;</span><br><span style=\"font-size: 14px;\">3. Boustead Sdn. Bhd.&nbsp;</span><br><span style=\"font-size: 14px;\">4. Invest in Canada&nbsp;</span><br><span style=\"font-size: 14px;\">5. Siemens Malaysia&nbsp;</span><br><span style=\"font-size: 14px;\">6. The Hongkong and Shanghai Banking Corporation Limited (HSBC)&nbsp;</span><br><span style=\"font-size: 14px;\">7. US-ASEAN Business Council&nbsp;</span><br><br><br><span style=\"font-size: 14px;\">SUPPORTER&nbsp;</span><br><br><span style=\"font-size: 14px;\">1. Datastream Technology Sdn. Bhd. (DST)&nbsp;</span><br><span style=\"font-size: 14px;\">2. P.T.A.S. Sdn. Bhd.&nbsp;</span><br><br><span style=\"font-size: 14px;\">For registration information and programme, please go to the summit website at http://www.asean-bis.com&nbsp;</span><br><br><span style=\"font-size: 14px;\">&nbsp;--- End ---&nbsp;</span><br><br><span style=\"font-size: 14px;\">Issued by:&nbsp;</span><br><strong><span style=\"font-size: 14px;\">ASEAN BIS 2013</span></strong></font></p><p style=\"margin-top: 15px; margin-bottom: 0px; font-size: 12px;\"><font face=\"Roboto\" style=\"\" color=\"#424242\"><span style=\"font-size: 14px;\">&nbsp;</span></font></p>','storage/press_releases','http://abac.highlysucceed.com/storage/press_releases/20171012','fEyzbVQ7fuq9YdOs9rbD101220170649.jpg','2017-10-12 18:04:49','2017-10-12 18:04:49',NULL);

/*Table structure for table `publications` */

DROP TABLE IF EXISTS `publications`;

CREATE TABLE `publications` (
  `id` int(10) unsigned NOT NULL AUTO_INCREMENT,
  `title` varchar(191) COLLATE utf8mb4_unicode_ci DEFAULT NULL,
  `description` longtext COLLATE utf8mb4_unicode_ci,
  `path` text COLLATE utf8mb4_unicode_ci,
  `directory` text COLLATE utf8mb4_unicode_ci,
  `filename` text COLLATE utf8mb4_unicode_ci,
  `created_at` timestamp NULL DEFAULT NULL,
  `updated_at` timestamp NULL DEFAULT NULL,
  `deleted_at` timestamp NULL DEFAULT NULL,
  PRIMARY KEY (`id`)
) ENGINE=InnoDB AUTO_INCREMENT=3 DEFAULT CHARSET=utf8mb4 COLLATE=utf8mb4_unicode_ci;

/*Data for the table `publications` */

insert  into `publications`(`id`,`title`,`description`,`path`,`directory`,`filename`,`created_at`,`updated_at`,`deleted_at`) values 
(1,'ASEAN BAC Survey for ASEAN Competetiveness','Findings from ASEAN BAC Survey for ASEAN Competetiveness','storage/publication','http://abac.highlysucceed.com/storage/publication/20171012','poEyJtp6941XtbOfbYAU101220170500.pdf','2017-10-12 17:29:00','2017-10-12 17:29:00',NULL),
(2,'ASEAN BAC Survey for ASEAN Competetiveness 2011-2012','Findings from ASEAN BAC Survey for ASEAN Competetiveness 2011-2012','storage/publication','http://abac.highlysucceed.com/storage/publication/20171012','QduwZTLXbJx4xV1t6ZpV101220170543.pdf','2017-10-12 17:58:43','2017-10-12 17:58:43',NULL);

/*Table structure for table `social_links` */

DROP TABLE IF EXISTS `social_links`;

CREATE TABLE `social_links` (
  `id` int(10) unsigned NOT NULL AUTO_INCREMENT,
  `type` varchar(191) COLLATE utf8mb4_unicode_ci DEFAULT NULL,
  `link` longtext COLLATE utf8mb4_unicode_ci,
  `created_at` timestamp NULL DEFAULT NULL,
  `updated_at` timestamp NULL DEFAULT NULL,
  `deleted_at` timestamp NULL DEFAULT NULL,
  PRIMARY KEY (`id`)
) ENGINE=InnoDB DEFAULT CHARSET=utf8mb4 COLLATE=utf8mb4_unicode_ci;

/*Data for the table `social_links` */

/*Table structure for table `subscribers` */

DROP TABLE IF EXISTS `subscribers`;

CREATE TABLE `subscribers` (
  `id` int(10) unsigned NOT NULL AUTO_INCREMENT,
  `name` varchar(191) COLLATE utf8mb4_unicode_ci DEFAULT NULL,
  `email` varchar(191) COLLATE utf8mb4_unicode_ci DEFAULT NULL,
  `is_subscribe` enum('no','yes') COLLATE utf8mb4_unicode_ci DEFAULT NULL,
  `created_at` timestamp NULL DEFAULT NULL,
  `updated_at` timestamp NULL DEFAULT NULL,
  `deleted_at` timestamp NULL DEFAULT NULL,
  PRIMARY KEY (`id`)
) ENGINE=InnoDB DEFAULT CHARSET=utf8mb4 COLLATE=utf8mb4_unicode_ci;

/*Data for the table `subscribers` */

/*Table structure for table `supporting_organization` */

DROP TABLE IF EXISTS `supporting_organization`;

CREATE TABLE `supporting_organization` (
  `id` int(10) unsigned NOT NULL AUTO_INCREMENT,
  `title` varchar(191) COLLATE utf8mb4_unicode_ci DEFAULT NULL,
  `description` longtext COLLATE utf8mb4_unicode_ci,
  `created_at` timestamp NULL DEFAULT NULL,
  `updated_at` timestamp NULL DEFAULT NULL,
  `deleted_at` timestamp NULL DEFAULT NULL,
  PRIMARY KEY (`id`)
) ENGINE=InnoDB AUTO_INCREMENT=6 DEFAULT CHARSET=utf8mb4 COLLATE=utf8mb4_unicode_ci;

/*Data for the table `supporting_organization` */

insert  into `supporting_organization`(`id`,`title`,`description`,`created_at`,`updated_at`,`deleted_at`) values 
(1,'Supporting Organisations - Cambodia 2012','<p><img src=\"http://asean-bac.org/images/ABIS/ABIS_SO_Cambodia.jpg\" style=\"width: 100%;\"><br></p>','2017-10-12 15:48:38','2017-10-12 15:53:12',NULL),
(2,'Supporting Organisations - Indonesia 2011','<p><img src=\"http://asean-bac.org/images/ABIS/ABIS_SO_Indonesia.jpg\" style=\"width: 100%;\"><br></p>','2017-10-12 15:49:03','2017-10-12 15:53:06',NULL),
(3,'Supporting Organisations - Vietnam 2010','<p><img src=\"http://asean-bac.org/images/ABIS/ABIS_SO_Vietnam.jpg\" style=\"width: 100%;\"><br></p>','2017-10-12 15:49:27','2017-10-12 15:53:00',NULL),
(4,'Supporting Organisations - Thailand 2008','<p><img src=\"http://asean-bac.org/images/ABIS/ABIS_SO_Thailand.jpg\" style=\"width: 100%;\"><br></p>','2017-10-12 15:49:45','2017-10-12 15:52:53',NULL),
(5,'Supporting Organisations - Malaysia 2005','<p><img src=\"http://asean-bac.org/images/ABIS/ABIS_SO_Malaysia.jpg\" style=\"width: 100%;\"><br></p>','2017-10-12 15:50:00','2017-10-12 15:52:44',NULL);

/*Table structure for table `user` */

DROP TABLE IF EXISTS `user`;

CREATE TABLE `user` (
  `id` int(10) unsigned NOT NULL AUTO_INCREMENT,
  `fname` varchar(191) COLLATE utf8mb4_unicode_ci DEFAULT NULL,
  `lname` varchar(191) COLLATE utf8mb4_unicode_ci DEFAULT NULL,
  `username` varchar(191) COLLATE utf8mb4_unicode_ci DEFAULT NULL,
  `email` varchar(191) COLLATE utf8mb4_unicode_ci DEFAULT NULL,
  `contact` varchar(191) COLLATE utf8mb4_unicode_ci DEFAULT NULL,
  `address` varchar(191) COLLATE utf8mb4_unicode_ci DEFAULT NULL,
  `password` varchar(60) COLLATE utf8mb4_unicode_ci DEFAULT NULL,
  `type` varchar(50) COLLATE utf8mb4_unicode_ci DEFAULT 'user',
  `gender` varchar(10) COLLATE utf8mb4_unicode_ci DEFAULT NULL,
  `birthdate` date DEFAULT NULL,
  `description` text COLLATE utf8mb4_unicode_ci,
  `fb_id` bigint(20) unsigned DEFAULT NULL,
  `access_token` varchar(191) COLLATE utf8mb4_unicode_ci DEFAULT NULL,
  `path` text COLLATE utf8mb4_unicode_ci,
  `directory` text COLLATE utf8mb4_unicode_ci,
  `filename` varchar(100) COLLATE utf8mb4_unicode_ci DEFAULT NULL,
  `last_activity` datetime DEFAULT NULL,
  `last_login` datetime DEFAULT NULL,
  `remember_token` varchar(100) COLLATE utf8mb4_unicode_ci DEFAULT NULL,
  `created_at` timestamp NULL DEFAULT NULL,
  `updated_at` timestamp NULL DEFAULT NULL,
  `deleted_at` timestamp NULL DEFAULT NULL,
  PRIMARY KEY (`id`)
) ENGINE=InnoDB AUTO_INCREMENT=2 DEFAULT CHARSET=utf8mb4 COLLATE=utf8mb4_unicode_ci;

/*Data for the table `user` */

insert  into `user`(`id`,`fname`,`lname`,`username`,`email`,`contact`,`address`,`password`,`type`,`gender`,`birthdate`,`description`,`fb_id`,`access_token`,`path`,`directory`,`filename`,`last_activity`,`last_login`,`remember_token`,`created_at`,`updated_at`,`deleted_at`) values 
(1,'Super','User','admin','admin@highlysucceed.com','09222222222','Makati City','$2y$10$hYM.zIDlPIsPD5i2BzOePuxlgYSYACQ7jWOKxsanNZPFXl.J3pWaq','super_user',NULL,NULL,NULL,NULL,NULL,NULL,NULL,NULL,NULL,NULL,NULL,'2017-10-12 12:48:40','2017-10-12 12:48:40',NULL);

/*!40101 SET SQL_MODE=@OLD_SQL_MODE */;
/*!40014 SET FOREIGN_KEY_CHECKS=@OLD_FOREIGN_KEY_CHECKS */;
/*!40014 SET UNIQUE_CHECKS=@OLD_UNIQUE_CHECKS */;
/*!40111 SET SQL_NOTES=@OLD_SQL_NOTES */;
